kind,lesion_id,volume_vox,volume_mm3,centroid,overlap_vox,hit,prob_max,prob_mean,run,case,size_bin
gt,1,482,482.0,70.7;94.0;97.6,482,True,1.0,0.9980616177513392,baseline,P54,medium
gt,2,531,531.0,110.8;100.9;97.7,528,True,1.0,0.9941338430353477,baseline,P54,large
gt,3,169,169.0,112.2;49.6;80.0,169,True,1.0,1.0,baseline,P54,medium
gt,4,59,59.0,117.0;91.8;111.6,54,True,1.0,0.9199895860858953,baseline,P54,medium
gt,5,91,91.0,122.9;89.0;70.5,81,True,1.0,0.8916484256402367,baseline,P54,medium
pred,1,329,329.0,70.7;48.0;82.0,0,False,1.0,0.9760266122122304,baseline,P54,medium
pred,2,602,602.0,70.7;94.0;97.7,482,True,1.0,0.9818542450171373,baseline,P54,large
pred,3,11,11.0,73.5;110.9;98.5,0,False,0.9978381991386414,0.9339527867057107,baseline,P54,small
pred,4,100,100.0,82.2;69.1;40.1,0,False,1.0,0.961822002530098,baseline,P54,medium
pred,5,4,4.0,89.5;103.0;89.0,0,False,0.8208774924278259,0.6698956191539764,baseline,P54,small
pred,6,14,14.0,101.2;82.6;42.8,0,False,0.99983811378479,0.8621665963104793,baseline,P54,small
pred,7,681,681.0,111.0;101.0;97.9,528,True,1.0,0.9854924244677618,baseline,P54,large
pred,8,511,511.0,111.6;48.5;80.0,169,True,1.0,0.9873586809098603,baseline,P54,large
pred,9,77,77.0,109.8;84.9;84.0,0,False,1.0,0.9656512892091429,baseline,P54,medium
pred,10,28,28.0,113.1;109.5;82.6,0,False,0.9999985694885254,0.9525558395045144,baseline,P54,small
pred,11,78,78.0,116.8;91.9;110.6,54,True,1.0,0.9691906831203363,baseline,P54,medium
pred,12,134,134.0,123.2;88.8;70.8,81,True,1.0,0.9596906775858864,baseline,P54,medium
pred,13,32,32.0,126.7;75.2;96.2,0,False,0.9999997615814209,0.9275936335325241,baseline,P54,small
gt,1,138,138.0,34.6;125.3;88.4,98,True,1.0,0.7112698186606806,baseline,P55,medium
gt,2,35,35.0,46.7;146.0;52.9,0,False,2.0338575268397108e-05,2.3166681499756487e-06,baseline,P55,small
gt,3,99,99.0,55.3;118.1;53.1,90,True,1.0,0.9052879956352167,baseline,P55,medium
gt,4,31,31.0,56.8;135.9;66.6,0,False,0.0005290844710543752,4.506944914110576e-05,baseline,P55,small
gt,5,29,29.0,56.5;96.8;65.5,0,False,4.2239840695401654e-05,5.3855812227303775e-06,baseline,P55,small
gt,6,121,121.0,58.6;90.2;72.3,0,False,0.0025202133692801,6.897371879500395e-05,baseline,P55,medium
gt,7,95,95.0,60.5;90.7;121.7,33,True,0.9999998807907104,0.34271962404579476,baseline,P55,medium
gt,8,1246,1246.0,67.6;68.2;86.0,1196,True,1.0,0.9600141129573685,baseline,P55,large
gt,9,49,49.0,62.8;185.9;70.9,25,True,1.0,0.5314908701353167,baseline,P55,small
gt,10,220,220.0,68.7;110.5;68.5,158,True,1.0,0.7119814854485099,baseline,P55,medium
gt,11,65,65.0,69.8;102.2;69.2,6,True,0.9067686796188354,0.10940547921191524,baseline,P55,medium
gt,12,437,437.0,72.3;161.8;89.9,372,True,1.0,0.8514998732291332,baseline,P55,medium
gt,13,275,275.0,74.8;111.8;98.4,159,True,1.0,0.5753931591567735,baseline,P55,medium
gt,14,114,114.0,77.4;147.0;81.8,91,True,1.0,0.7981008735909695,baseline,P55,medium
gt,15,83,83.0,77.4;152.4;124.5,43,True,1.0,0.541169320821827,baseline,P55,medium
gt,16,99,99.0,78.3;128.3;101.1,91,True,1.0,0.9288763040013409,baseline,P55,medium
gt,17,55,55.0,81.2;105.9;131.0,49,True,1.0,0.9049711069346151,baseline,P55,medium
gt,18,50,50.0,86.2;170.9;67.6,0,False,0.6507930755615234,0.05749562918740253,baseline,P55,medium
gt,19,154,154.0,100.8;81.6;42.0,119,True,1.0,0.7748318383085508,baseline,P55,medium
gt,20,23,23.0,100.7;103.4;65.4,17,True,1.0,0.7590059955199571,baseline,P55,small
gt,21,42,42.0,102.0;59.5;45.9,5,True,0.9795097708702087,0.14286885776645994,baseline,P55,small
gt,22,45,45.0,101.7;161.4;78.3,11,True,0.9993805885314941,0.26000058381990543,baseline,P55,small
gt,23,73,73.0,102.9;109.7;67.9,73,True,1.0,0.992413488152909,baseline,P55,medium
gt,24,17,17.0,102.2;127.4;101.6,11,True,0.9999635219573975,0.6202007598373498,baseline,P55,small
gt,25,227,227.0,105.8;152.5;66.3,188,True,1.0,0.8234268735216995,baseline,P55,medium
gt,26,116,116.0,106.5;147.9;82.6,113,True,1.0,0.973934985775961,baseline,P55,medium
gt,27,241,241.0,110.0;87.7;92.9,175,True,1.0,0.7284342385711999,baseline,P55,medium
gt,28,38,38.0,106.4;71.5;131.9,8,True,0.9998723268508911,0.24933382060021864,baseline,P55,small
gt,29,131,131.0,110.1;106.7;132.0,80,True,1.0,0.6145429433049685,baseline,P55,medium
gt,30,313,313.0,115.6;61.8;80.3,173,True,1.0,0.5563476809225919,baseline,P55,medium
gt,31,36,36.0,112.8;109.1;72.3,0,False,2.570456672401633e-05,3.446782718673368e-06,baseline,P55,small
gt,32,17,17.0,113.8;51.6;84.5,0,False,0.020652344450354576,0.0018442888835333289,baseline,P55,small
gt,33,61,61.0,117.0;173.7;101.3,0,False,2.6512729164096527e-05,2.143957934111803e-06,baseline,P55,medium
gt,34,36,36.0,118.4;103.0;131.7,0,False,0.05080091208219528,0.0024991514624055355,baseline,P55,small
gt,35,292,292.0,123.3;93.7;69.5,5,True,0.9910271763801575,0.02066738393606403,baseline,P55,medium
gt,36,77,77.0,126.5;144.7;119.3,30,True,1.0,0.3903392706905599,baseline,P55,medium
gt,37,29,29.0,126.2;150.7;56.4,0,False,7.968425052240491e-05,7.595265175969393e-06,baseline,P55,small
pred,1,116,116.0,34.4;125.7;88.0,98,True,1.0,0.9859838203109544,baseline,P55,medium
pred,2,106,106.0,55.4;118.6;53.2,90,True,1.0,0.979140672481285,baseline,P55,medium
pred,3,34,34.0,61.5;91.4;122.0,33,True,0.9999998807907104,0.964974029975779,baseline,P55,small
pred,4,1517,1517.0,67.9;69.0;86.6,1196,True,1.0,0.9889179744764465,baseline,P55,large
pred,5,35,35.0,62.4;185.2;70.2,25,True,1.0,0.9592539957591466,baseline,P55,small
pred,6,23,23.0,65.7;150.9;64.1,0,False,0.9999823570251465,0.8923628796701846,baseline,P55,small
pred,7,179,179.0,68.5;110.6;67.1,158,True,1.0,0.9788504232907428,baseline,P55,medium
pred,8,6,6.0,70.0;102.0;68.5,6,True,0.9067686796188354,0.7612193127473196,baseline,P55,small
pred,9,418,418.0,72.3;161.2;89.1,372,True,1.0,0.994171196478976,baseline,P55,medium
pred,10,166,166.0,74.1;115.0;97.2,134,True,1.0,0.9812749268778835,baseline,P55,medium
pred,11,288,288.0,77.1;145.0;84.4,91,True,1.0,0.9775901606513394,baseline,P55,medium
pred,12,25,25.0,76.5;107.1;99.7,25,True,0.9999603033065796,0.9218072319030761,baseline,P55,small
pred,13,104,104.0,78.4;128.3;101.1,91,True,1.0,0.9906449231963891,baseline,P55,medium
pred,14,65,65.0,77.4;150.8;67.4,0,False,1.0,0.9681839456925025,baseline,P55,medium
pred,15,49,49.0,77.5;152.4;123.9,43,True,1.0,0.9553632541578643,baseline,P55,small
pred,16,84,84.0,81.1;106.0;131.1,49,True,1.0,0.9837315238657451,baseline,P55,medium
pred,17,66,66.0,81.6;81.7;44.1,0,False,1.0,0.9629923764503363,baseline,P55,medium
pred,18,61,61.0,84.2;168.2;58.2,0,False,1.0,0.8974044850615205,baseline,P55,medium
pred,19,13,13.0,87.0;96.3;64.5,0,False,0.9999850988388062,0.916135875078348,baseline,P55,small
pred,20,4,4.0,87.8;125.0;36.0,0,False,0.9998125433921814,0.8745404928922653,baseline,P55,small
pred,21,138,138.0,101.2;81.4;42.2,119,True,1.0,0.9794037156346915,baseline,P55,medium
pred,22,35,35.0,100.8;103.0;65.3,17,True,1.0,0.968330236843654,baseline,P55,small
pred,23,118,118.0,103.0;109.6;68.2,73,True,1.0,0.9728274006964797,baseline,P55,medium
pred,24,13,13.0,102.4;127.0;101.5,11,True,0.9999635219573975,0.929063829091879,baseline,P55,small
pred,25,11,11.0,102.1;161.1;78.5,11,True,0.9993805885314941,0.9256341890855269,baseline,P55,small
pred,26,5,5.0,102.0;59.4;44.8,5,True,0.9795097708702087,0.7588320374488831,baseline,P55,small
pred,27,248,248.0,109.5;88.3;93.0,175,True,1.0,0.9859173792985177,baseline,P55,medium
pred,28,533,533.0,106.3;149.7;74.9,301,True,1.0,0.9837574013849584,baseline,P55,large
pred,29,8,8.0,106.1;70.9;132.4,8,True,0.9998723268508911,0.8628700077533722,baseline,P55,small
pred,30,109,109.0,110.0;106.2;131.5,80,True,1.0,0.9805690203237971,baseline,P55,medium
pred,31,163,163.0,111.5;56.0;82.1,133,True,1.0,0.9806415069322645,baseline,P55,medium
pred,32,8,8.0,110.1;100.6;96.9,0,False,0.9989792704582214,0.8880081102252007,baseline,P55,small
pred,33,4,4.0,110.8;72.5;94.2,0,False,0.881847620010376,0.7085193991661072,baseline,P55,small
pred,34,8,8.0,115.0;108.1;81.9,0,False,0.9985357522964478,0.8551095053553581,baseline,P55,small
pred,35,46,46.0,118.6;64.6;79.9,40,True,1.0,0.9655472986076189,baseline,P55,small
pred,36,5,5.0,123.6;89.8;71.0,5,True,0.9910271763801575,0.8398236274719239,baseline,P55,small
pred,37,37,37.0,126.1;144.4;119.5,30,True,1.0,0.9415823978346747,baseline,P55,small
gt,1,482,482.0,70.7;94.0;97.6,482,True,1.0,0.9992061132464666,wavelet_ml_db2_l2,P54,medium
gt,2,531,531.0,110.8;100.9;97.7,531,True,1.0,0.9985886889662446,wavelet_ml_db2_l2,P54,large
gt,3,169,169.0,112.2;49.6;80.0,169,True,1.0,0.9999999971784783,wavelet_ml_db2_l2,P54,medium
gt,4,59,59.0,117.0;91.8;111.6,46,True,1.0,0.7629078228976942,wavelet_ml_db2_l2,P54,medium
gt,5,91,91.0,122.9;89.0;70.5,77,True,1.0,0.8464805533516843,wavelet_ml_db2_l2,P54,medium
pred,1,24,24.0,47.0;72.8;73.3,0,False,0.971603512763977,0.8321741123994192,wavelet_ml_db2_l2,P54,small
pred,2,64,64.0,51.7;122.9;67.5,0,False,0.9887612462043762,0.8052399894222617,wavelet_ml_db2_l2,P54,medium
pred,3,36,36.0,56.6;132.7;97.8,0,False,0.9999998807907104,0.9396909889247682,wavelet_ml_db2_l2,P54,small
pred,4,701,701.0,70.5;93.9;97.8,482,True,1.0,0.981923534679685,wavelet_ml_db2_l2,P54,large
pred,5,201,201.0,72.6;45.0;81.7,0,False,1.0,0.9773273269335429,wavelet_ml_db2_l2,P54,medium
pred,6,53,53.0,73.3;110.7;98.5,0,False,1.0,0.9268479335982844,wavelet_ml_db2_l2,P54,medium
pred,7,23,23.0,81.4;70.4;41.7,0,False,0.999904990196228,0.8840917970823206,wavelet_ml_db2_l2,P54,small
pred,8,4,4.0,101.0;82.5;42.5,0,False,0.9590838551521301,0.8686874359846115,wavelet_ml_db2_l2,P54,small
pred,9,3,3.0,104.0;174.7;100.7,0,False,0.9881751537322998,0.8459004561106364,wavelet_ml_db2_l2,P54,small
pred,10,6,6.0,105.7;153.7;117.5,0,False,0.9741587042808533,0.7825533449649811,wavelet_ml_db2_l2,P54,small
pred,11,812,812.0,110.8;101.0;97.7,531,True,1.0,0.9863084868844507,wavelet_ml_db2_l2,P54,large
pred,12,17,17.0,107.2;122.9;96.7,0,False,0.998953104019165,0.8551691525122699,wavelet_ml_db2_l2,P54,small
pred,13,59,59.0,108.3;150.9;75.7,0,False,1.0,0.9302114106841006,wavelet_ml_db2_l2,P54,medium
pred,14,441,441.0,111.9;49.0;80.2,169,True,1.0,0.9802703070802753,wavelet_ml_db2_l2,P54,medium
pred,15,24,24.0,109.3;84.9;84.0,0,False,0.999990701675415,0.9477396508057913,wavelet_ml_db2_l2,P54,small
pred,16,7,7.0,113.1;109.7;81.4,0,False,0.9641200304031372,0.8269705261502948,wavelet_ml_db2_l2,P54,small
pred,17,66,66.0,116.9;91.9;110.4,46,True,1.0,0.9574799384131576,wavelet_ml_db2_l2,P54,medium
pred,18,28,28.0,121.9;50.2;85.8,0,False,0.9999388456344604,0.8948520102671215,wavelet_ml_db2_l2,P54,small
pred,19,116,116.0,123.4;88.7;70.9,77,True,1.0,0.9754766744786295,wavelet_ml_db2_l2,P54,medium
gt,1,138,138.0,34.6;125.3;88.4,113,True,1.0,0.8211176049904957,wavelet_ml_db2_l2,P55,medium
gt,2,35,35.0,46.7;146.0;52.9,0,False,5.584412065218203e-06,6.826996360993169e-07,wavelet_ml_db2_l2,P55,small
gt,3,99,99.0,55.3;118.1;53.1,99,True,1.0,0.9996071885330509,wavelet_ml_db2_l2,P55,medium
gt,4,31,31.0,56.8;135.9;66.6,0,False,0.012033591978251934,0.0012770086763460372,wavelet_ml_db2_l2,P55,small
gt,5,29,29.0,56.5;96.8;65.5,0,False,0.0003135324514005333,5.984604246368141e-05,wavelet_ml_db2_l2,P55,small
gt,6,121,121.0,58.6;90.2;72.3,24,True,0.9999902248382568,0.19844806402315254,wavelet_ml_db2_l2,P55,medium
gt,7,95,95.0,60.5;90.7;121.7,75,True,1.0,0.7833971254349499,wavelet_ml_db2_l2,P55,medium
gt,8,1246,1246.0,67.6;68.2;86.0,1222,True,1.0,0.9807356395162542,wavelet_ml_db2_l2,P55,large
gt,9,49,49.0,62.8;185.9;70.9,0,False,9.533800948702265e-06,4.83029828546764e-07,wavelet_ml_db2_l2,P55,small
gt,10,220,220.0,68.7;110.5;68.5,152,True,1.0,0.6887938741540275,wavelet_ml_db2_l2,P55,medium
gt,11,65,65.0,69.8;102.2;69.2,37,True,1.0,0.5583642846450507,wavelet_ml_db2_l2,P55,medium
gt,12,437,437.0,72.3;161.8;89.9,373,True,1.0,0.8557882523364649,wavelet_ml_db2_l2,P55,medium
gt,13,275,275.0,74.8;111.8;98.4,162,True,1.0,0.5850849497645454,wavelet_ml_db2_l2,P55,medium
gt,14,114,114.0,77.4;147.0;81.8,97,True,1.0,0.857071004599947,wavelet_ml_db2_l2,P55,medium
gt,15,83,83.0,77.4;152.4;124.5,55,True,1.0,0.6595449707280032,wavelet_ml_db2_l2,P55,medium
gt,16,99,99.0,78.3;128.3;101.1,96,True,1.0,0.9545486084109254,wavelet_ml_db2_l2,P55,medium
gt,17,55,55.0,81.2;105.9;131.0,49,True,1.0,0.8880261117169126,wavelet_ml_db2_l2,P55,medium
gt,18,50,50.0,86.2;170.9;67.6,3,True,0.9169307351112366,0.06917449055525893,wavelet_ml_db2_l2,P55,medium
gt,19,154,154.0,100.8;81.6;42.0,96,True,1.0,0.631756334598303,wavelet_ml_db2_l2,P55,medium
gt,20,23,23.0,100.7;103.4;65.4,17,True,1.0,0.7450209777933828,wavelet_ml_db2_l2,P55,small
gt,21,42,42.0,102.0;59.5;45.9,10,True,0.9995481371879578,0.2206724286465907,wavelet_ml_db2_l2,P55,small
gt,22,45,45.0,101.7;161.4;78.3,20,True,0.9999998807907104,0.44665363130609026,wavelet_ml_db2_l2,P55,small
gt,23,73,73.0,102.9;109.7;67.9,72,True,1.0,0.9794331238388199,wavelet_ml_db2_l2,P55,medium
gt,24,17,17.0,102.2;127.4;101.6,10,True,0.9996408224105835,0.5732975245549128,wavelet_ml_db2_l2,P55,small
gt,25,227,227.0,105.8;152.5;66.3,183,True,1.0,0.8090402177337316,wavelet_ml_db2_l2,P55,medium
gt,26,116,116.0,106.5;147.9;82.6,114,True,1.0,0.9818367837898169,wavelet_ml_db2_l2,P55,medium
gt,27,241,241.0,110.0;87.7;92.9,169,True,1.0,0.6974444786383017,wavelet_ml_db2_l2,P55,medium
gt,28,38,38.0,106.4;71.5;131.9,22,True,1.0,0.574488462014364,wavelet_ml_db2_l2,P55,small
gt,29,131,131.0,110.1;106.7;132.0,90,True,1.0,0.6848782229228557,wavelet_ml_db2_l2,P55,medium
gt,30,313,313.0,115.6;61.8;80.3,153,True,1.0,0.49035087969175833,wavelet_ml_db2_l2,P55,medium
gt,31,36,36.0,112.8;109.1;72.3,0,False,2.3455608243239112e-05,8.275002010628265e-06,wavelet_ml_db2_l2,P55,small
gt,32,17,17.0,113.8;51.6;84.5,0,False,0.0031225113198161125,0.00041332244997709507,wavelet_ml_db2_l2,P55,small
gt,33,61,61.0,117.0;173.7;101.3,0,False,3.7204890759312548e-06,2.4832439067280217e-07,wavelet_ml_db2_l2,P55,medium
gt,34,36,36.0,118.4;103.0;131.7,0,False,0.0003134152793791145,4.600666894323998e-05,wavelet_ml_db2_l2,P55,small
gt,35,292,292.0,123.3;93.7;69.5,61,True,1.0,0.21728000656722052,wavelet_ml_db2_l2,P55,medium
gt,36,77,77.0,126.5;144.7;119.3,57,True,1.0,0.7242039125723563,wavelet_ml_db2_l2,P55,medium
gt,37,29,29.0,126.2;150.7;56.4,0,False,3.56817981810309e-05,5.103807001303502e-06,wavelet_ml_db2_l2,P55,small
pred,1,177,177.0,34.0;125.7;88.0,113,True,1.0,0.972588126268764,wavelet_ml_db2_l2,P55,medium
pred,2,168,168.0,55.2;118.4;53.0,99,True,1.0,0.9765359326487496,wavelet_ml_db2_l2,P55,medium
pred,3,13,13.0,58.6;121.7;45.2,0,False,0.9994920492172241,0.8263054123291602,wavelet_ml_db2_l2,P55,small
pred,4,26,26.0,59.2;88.5;73.8,24,True,0.9999902248382568,0.9051931454585149,wavelet_ml_db2_l2,P55,small
pred,5,92,92.0,60.8;90.9;121.8,75,True,1.0,0.9802914333084355,wavelet_ml_db2_l2,P55,medium
pred,6,1890,1890.0,67.9;69.0;86.5,1222,True,1.0,0.9875728906777801,wavelet_ml_db2_l2,P55,large
pred,7,20,20.0,63.1;110.0;58.9,0,False,0.999994158744812,0.8961010068655014,wavelet_ml_db2_l2,P55,small
pred,8,33,33.0,65.7;150.9;64.5,0,False,0.9999997615814209,0.9540353309024464,wavelet_ml_db2_l2,P55,small
pred,9,169,169.0,68.5;110.6;67.1,152,True,1.0,0.9769138034278825,wavelet_ml_db2_l2,P55,medium
pred,10,49,49.0,69.7;102.0;68.0,37,True,1.0,0.956744138075381,wavelet_ml_db2_l2,P55,small
pred,11,442,442.0,72.2;161.4;89.2,373,True,1.0,0.9897841490232028,wavelet_ml_db2_l2,P55,medium
pred,12,252,252.0,74.1;114.2;97.2,162,True,1.0,0.9607171879874336,wavelet_ml_db2_l2,P55,medium
pred,13,536,536.0,76.8;146.9;80.0,97,True,1.0,0.9744791048231409,wavelet_ml_db2_l2,P55,large
pred,14,67,67.0,77.4;152.1;124.0,55,True,1.0,0.9727847736273239,wavelet_ml_db2_l2,P55,medium
pred,15,109,109.0,78.3;128.2;101.0,96,True,1.0,0.977511439301552,wavelet_ml_db2_l2,P55,medium
pred,16,4,4.0,78.5;157.5;42.0,0,False,0.997957706451416,0.9723894149065018,wavelet_ml_db2_l2,P55,small
pred,17,80,80.0,81.0;105.9;130.9,49,True,1.0,0.9849704541265965,wavelet_ml_db2_l2,P55,medium
pred,18,19,19.0,81.7;81.3;43.8,0,False,0.9999617338180542,0.9141336208895633,wavelet_ml_db2_l2,P55,small
pred,19,120,120.0,84.0;168.2;58.5,0,False,1.0,0.9638931274414062,wavelet_ml_db2_l2,P55,medium
pred,20,58,58.0,84.3;98.1;54.4,0,False,0.9999996423721313,0.9323722216589697,wavelet_ml_db2_l2,P55,medium
pred,21,54,54.0,86.9;95.9;64.1,0,False,1.0,0.924562923334263,wavelet_ml_db2_l2,P55,medium
pred,22,3,3.0,86.0;170.7;67.3,3,True,0.9169307351112366,0.8117417891820272,wavelet_ml_db2_l2,P55,small
pred,23,26,26.0,94.3;99.2;89.1,0,False,0.9999995231628418,0.9249681440683512,wavelet_ml_db2_l2,P55,small
pred,24,102,102.0,101.1;81.4;41.7,96,True,1.0,0.971577400670332,wavelet_ml_db2_l2,P55,medium
pred,25,44,44.0,100.9;102.8;65.0,17,True,1.0,0.9687490842559121,wavelet_ml_db2_l2,P55,small
pred,26,110,110.0,102.9;109.6;68.1,72,True,1.0,0.9714397777210583,wavelet_ml_db2_l2,P55,medium
pred,27,10,10.0,102.3;59.6;44.7,10,True,0.9995481371879578,0.8222041547298431,wavelet_ml_db2_l2,P55,small
pred,28,10,10.0,102.2;127.1;101.4,10,True,0.9996408224105835,0.9136014342308044,wavelet_ml_db2_l2,P55,small
pred,29,20,20.0,102.0;161.2;78.9,20,True,0.9999998807907104,0.9574556320905685,wavelet_ml_db2_l2,P55,small
pred,30,253,253.0,109.1;88.4;92.8,169,True,1.0,0.9789480058100855,wavelet_ml_db2_l2,P55,medium
pred,31,577,577.0,106.4;149.6;75.6,297,True,1.0,0.9803089899248225,wavelet_ml_db2_l2,P55,large
pred,32,37,37.0,106.1;70.9;133.0,22,True,1.0,0.9452554486893319,wavelet_ml_db2_l2,P55,small
pred,33,31,31.0,110.3;72.8;94.6,0,False,0.998976469039917,0.8118202167172586,wavelet_ml_db2_l2,P55,small
pred,34,125,125.0,109.9;106.5;131.8,90,True,1.0,0.9794216351509094,wavelet_ml_db2_l2,P55,medium
pred,35,185,185.0,111.6;55.8;81.8,145,True,1.0,0.9808072157808252,wavelet_ml_db2_l2,P55,medium
pred,36,5,5.0,118.6;64.8;80.0,5,True,0.9849260449409485,0.8488634824752808,wavelet_ml_db2_l2,P55,small
pred,37,3,3.0,121.3;70.3;78.0,3,True,0.7645851969718933,0.6562555233637491,wavelet_ml_db2_l2,P55,small
pred,38,64,64.0,123.5;90.7;71.2,61,True,1.0,0.9654641170054674,wavelet_ml_db2_l2,P55,medium
pred,39,78,78.0,126.2;144.6;120.0,57,True,1.0,0.9574063076422765,wavelet_ml_db2_l2,P55,medium
