split,config,case,mode,k,dice,n_gt,n_det,n_pred,n_fp,gt_small,det_small
val,baseline_r2_hf1,P41_T1,single,0,0.5951049704853886,10.0,8.666666666666666,12.333333333333334,3.6666666666666665,1.0,0.6666666666666666
val,baseline_r2_hf1,P41_T1,ensemble,0,0.6036446469248291,10,9,13,4,1,1
val,baseline_r2_hf1,P41_T1,ensemble,5,0.6028490028490029,10,9,13,4,1,1
val,baseline_r2_hf1,P41_T1,ensemble,10,0.5991949396204715,10,8,11,3,1,0
val,baseline_r2_hf1,P41_T1,ensemble,20,0.6026604973973395,10,8,10,2,1,0
val,baseline_r2_hf1,P41_T1,ensemble,30,0.6026604973973395,10,8,10,2,1,0
val,baseline_r2_hf1,P41_T1,ensemble,50,0.5593008739076155,10,6,7,1,1,0
val,baseline_r2_hf1,P41_T1,ensemble,80,0.5806869734283863,10,6,6,0,1,0
val,baseline_r2_hf1,P46_T1,single,0,0.8472618146671033,27.0,22.0,24.0,1.6666666666666667,7.0,3.3333333333333335
val,baseline_r2_hf1,P46_T1,ensemble,0,0.8507194244604317,27,21,22,1,7,3
val,baseline_r2_hf1,P46_T1,ensemble,5,0.8509221772379667,27,21,21,0,7,3
val,baseline_r2_hf1,P46_T1,ensemble,10,0.8509221772379667,27,21,21,0,7,3
val,baseline_r2_hf1,P46_T1,ensemble,20,0.8509221772379667,27,21,21,0,7,3
val,baseline_r2_hf1,P46_T1,ensemble,30,0.8487470704885524,27,20,20,0,7,2
val,baseline_r2_hf1,P46_T1,ensemble,50,0.8283368692925007,27,14,14,0,7,0
val,baseline_r2_hf1,P46_T1,ensemble,80,0.8118960502861432,27,11,11,0,7,0
val,baseline_r2_hf1,P43_T1,single,0,0.7502832393879943,31.0,18.666666666666668,33.666666666666664,4.0,14.0,3.6666666666666665
val,baseline_r2_hf1,P43_T1,ensemble,0,0.7565798833404467,31,19,32,3,14,4
val,baseline_r2_hf1,P43_T1,ensemble,5,0.7564490304216331,31,18,30,2,14,3
val,baseline_r2_hf1,P43_T1,ensemble,10,0.7557849768600926,31,17,28,2,14,2
val,baseline_r2_hf1,P43_T1,ensemble,20,0.7567548299707707,31,17,26,0,14,2
val,baseline_r2_hf1,P43_T1,ensemble,30,0.7545470787922101,31,15,23,0,14,1
val,baseline_r2_hf1,P43_T1,ensemble,50,0.7483824586628325,31,13,19,0,14,0
val,baseline_r2_hf1,P43_T1,ensemble,80,0.7395244309119907,31,9,15,0,14,0
val,baseline_r2_hf1,P48_T1,single,0,0.7156443670728069,42.0,29.666666666666668,41.0,9.0,15.0,7.0
val,baseline_r2_hf1,P48_T1,ensemble,0,0.727255424438523,42,31,43,9,15,8
val,baseline_r2_hf1,P48_T1,ensemble,5,0.7271168682731689,42,30,41,8,15,8
val,baseline_r2_hf1,P48_T1,ensemble,10,0.7256603413750358,42,28,39,8,15,6
val,baseline_r2_hf1,P48_T1,ensemble,20,0.7274639135837874,42,28,37,6,15,6
val,baseline_r2_hf1,P48_T1,ensemble,30,0.7175943947061113,42,24,29,4,15,3
val,baseline_r2_hf1,P48_T1,ensemble,50,0.6977630655030594,42,18,21,2,15,2
val,baseline_r2_hf1,P48_T1,ensemble,80,0.6646277156717992,42,11,13,1,15,0
val,baseline_r2_hf1,P42_T1,single,0,0.8755724742545145,38.0,17.333333333333332,26.0,0.0,20.0,2.3333333333333335
val,baseline_r2_hf1,P42_T1,ensemble,0,0.8759376950214603,38,18,26,0,20,2
val,baseline_r2_hf1,P42_T1,ensemble,5,0.8758517914687114,38,17,25,0,20,2
val,baseline_r2_hf1,P42_T1,ensemble,10,0.875695921929344,38,16,23,0,20,1
val,baseline_r2_hf1,P42_T1,ensemble,20,0.875538340001529,38,15,22,0,20,1
val,baseline_r2_hf1,P42_T1,ensemble,30,0.8745201566106796,38,12,19,0,20,1
val,baseline_r2_hf1,P42_T1,ensemble,50,0.8734689707140759,38,9,16,0,20,0
val,baseline_r2_hf1,P42_T1,ensemble,80,0.8702642409323436,38,6,11,0,20,0
val,baseline_r2_hf1,P44_T1,single,0,0.795382165597364,10.0,10.0,24.666666666666668,14.0,1.0,1.0
val,baseline_r2_hf1,P44_T1,ensemble,0,0.810058974073662,10,10,22,11,1,1
val,baseline_r2_hf1,P44_T1,ensemble,5,0.8106001558846454,10,10,21,10,1,1
val,baseline_r2_hf1,P44_T1,ensemble,10,0.8114132857779759,10,10,20,9,1,1
val,baseline_r2_hf1,P44_T1,ensemble,20,0.8119255772248375,10,10,17,7,1,1
val,baseline_r2_hf1,P44_T1,ensemble,30,0.8119255772248375,10,10,17,7,1,1
val,baseline_r2_hf1,P44_T1,ensemble,50,0.8190863862505654,10,10,15,5,1,1
val,baseline_r2_hf1,P44_T1,ensemble,80,0.8192996838037241,10,7,10,3,1,0
val,baseline_r2_hf1,P47_T1,single,0,0.8440743461756584,53.0,37.666666666666664,42.333333333333336,1.6666666666666667,20.0,8.666666666666666
val,baseline_r2_hf1,P47_T1,ensemble,0,0.8471555510162394,53,37,43,2,20,8
val,baseline_r2_hf1,P47_T1,ensemble,5,0.8471399387129724,53,37,43,2,20,8
val,baseline_r2_hf1,P47_T1,ensemble,10,0.8467239088214249,53,35,39,1,20,6
val,baseline_r2_hf1,P47_T1,ensemble,20,0.8466869549650922,53,34,37,0,20,5
val,baseline_r2_hf1,P47_T1,ensemble,30,0.8463959468795579,53,33,36,0,20,4
val,baseline_r2_hf1,P47_T1,ensemble,50,0.8393009267625268,53,24,27,0,20,0
val,baseline_r2_hf1,P47_T1,ensemble,80,0.8301867138876592,53,21,22,0,20,0
val,baseline_r2_hf1,P45_T1,single,0,0.8542164513750138,14.0,11.0,16.333333333333332,5.333333333333333,4.0,2.0
val,baseline_r2_hf1,P45_T1,ensemble,0,0.8680951718380409,14,11,14,3,4,2
val,baseline_r2_hf1,P45_T1,ensemble,5,0.8680951718380409,14,11,14,3,4,2
val,baseline_r2_hf1,P45_T1,ensemble,10,0.8680951718380409,14,11,14,3,4,2
val,baseline_r2_hf1,P45_T1,ensemble,20,0.8690020196392506,14,11,13,2,4,2
val,baseline_r2_hf1,P45_T1,ensemble,30,0.870020964360587,14,10,11,1,4,1
val,baseline_r2_hf1,P45_T1,ensemble,50,0.870020964360587,14,10,11,1,4,1
val,baseline_r2_hf1,P45_T1,ensemble,80,0.8687719298245614,14,9,10,1,4,0
val,baseline_r2_hf1,P49_T1,single,0,0.8439132387652176,29.0,22.0,27.0,2.0,6.0,3.0
val,baseline_r2_hf1,P49_T1,ensemble,0,0.8456551591990547,29,21,25,1,6,2
val,baseline_r2_hf1,P49_T1,ensemble,5,0.8456551591990547,29,21,25,1,6,2
val,baseline_r2_hf1,P49_T1,ensemble,10,0.8456551591990547,29,21,25,1,6,2
val,baseline_r2_hf1,P49_T1,ensemble,20,0.8456305097738597,29,21,24,1,6,2
val,baseline_r2_hf1,P49_T1,ensemble,30,0.8455378123051839,29,20,22,0,6,1
val,baseline_r2_hf1,P49_T1,ensemble,50,0.8436428868885543,29,17,19,0,6,1
val,baseline_r2_hf1,P49_T1,ensemble,80,0.8381038287453892,29,11,13,0,6,1
val,baseline_r2_hf1,P49_T2,single,0,0.6185886743513508,19.0,17.333333333333332,33.0,11.0,0.0,0.0
val,baseline_r2_hf1,P49_T2,ensemble,0,0.634260378879484,19,17,29,7,0,0
val,baseline_r2_hf1,P49_T2,ensemble,5,0.6345595353339787,19,17,28,6,0,0
val,baseline_r2_hf1,P49_T2,ensemble,10,0.6349693251533742,19,17,27,5,0,0
val,baseline_r2_hf1,P49_T2,ensemble,20,0.6368199481865285,19,17,24,2,0,0
val,baseline_r2_hf1,P49_T2,ensemble,30,0.6346965271015904,19,16,23,2,0,0
val,baseline_r2_hf1,P49_T2,ensemble,50,0.61459793814433,19,14,18,2,0,0
val,baseline_r2_hf1,P49_T2,ensemble,80,0.6040211996298477,19,12,14,1,0,0
val,baseline_r2_hf1,P50_T1,single,0,0.7546173379470505,45.0,32.666666666666664,42.666666666666664,8.333333333333334,14.0,3.3333333333333335
val,baseline_r2_hf1,P50_T1,ensemble,0,0.7575872740105326,45,32,39,5,14,3
val,baseline_r2_hf1,P50_T1,ensemble,5,0.7578078322741839,45,32,38,5,14,3
val,baseline_r2_hf1,P50_T1,ensemble,10,0.7572003043147484,45,31,37,5,14,2
val,baseline_r2_hf1,P50_T1,ensemble,20,0.7564416843710846,45,29,34,4,14,1
val,baseline_r2_hf1,P50_T1,ensemble,30,0.7558323772059226,45,28,32,3,14,1
val,baseline_r2_hf1,P50_T1,ensemble,50,0.7502342759495066,45,26,28,2,14,1
val,baseline_r2_hf1,P50_T1,ensemble,80,0.7224964539007093,45,17,19,2,14,0
val,baseline_r2_hf1,P50_T2,single,0,0.8659406707102884,40.0,32.666666666666664,45.0,8.0,12.0,5.666666666666667
val,baseline_r2_hf1,P50_T2,ensemble,0,0.8727139722019019,40,33,45,7,12,5
val,baseline_r2_hf1,P50_T2,ensemble,5,0.8726315019386934,40,32,44,7,12,5
val,baseline_r2_hf1,P50_T2,ensemble,10,0.8726341213496304,40,31,40,5,12,4
val,baseline_r2_hf1,P50_T2,ensemble,20,0.872802906022967,40,30,37,3,12,4
val,baseline_r2_hf1,P50_T2,ensemble,30,0.8720429161903087,40,28,35,3,12,3
val,baseline_r2_hf1,P50_T2,ensemble,50,0.8698638212580322,40,20,25,2,12,0
val,baseline_r2_hf1,P50_T2,ensemble,80,0.8679016364335809,40,17,21,1,12,0
val,baseline_r2_hf1,P51_T1,single,0,0.8385335668819329,42.0,28.0,36.333333333333336,8.333333333333334,14.0,5.666666666666667
val,baseline_r2_hf1,P51_T1,ensemble,0,0.8497714418532579,42,27,34,6,14,6
val,baseline_r2_hf1,P51_T1,ensemble,5,0.8497481596280512,42,27,34,6,14,6
val,baseline_r2_hf1,P51_T1,ensemble,10,0.8495582080297628,42,26,33,6,14,5
val,baseline_r2_hf1,P51_T1,ensemble,20,0.8503184713375797,42,25,29,3,14,4
val,baseline_r2_hf1,P51_T1,ensemble,30,0.8485060690943044,42,23,27,3,14,2
val,baseline_r2_hf1,P51_T1,ensemble,50,0.8385980095196884,42,16,20,3,14,0
val,baseline_r2_hf1,P51_T1,ensemble,80,0.8297897802066297,42,13,15,2,14,0
val,baseline_r2_hf1,P51_T2,single,0,0.7972239091552886,33.0,24.666666666666668,33.333333333333336,9.0,8.0,3.0
val,baseline_r2_hf1,P51_T2,ensemble,0,0.8042753850990254,33,24,31,7,8,2
val,baseline_r2_hf1,P51_T2,ensemble,5,0.8042507702949129,33,24,31,7,8,2
val,baseline_r2_hf1,P51_T2,ensemble,10,0.8040627653218452,33,23,30,7,8,2
val,baseline_r2_hf1,P51_T2,ensemble,20,0.8043300396500723,33,22,28,6,8,1
val,baseline_r2_hf1,P51_T2,ensemble,30,0.8041068279163517,33,22,27,6,8,1
val,baseline_r2_hf1,P51_T2,ensemble,50,0.7976666032591465,33,17,22,6,8,0
val,baseline_r2_hf1,P51_T2,ensemble,80,0.7991497036846174,33,13,14,2,8,0
val,baseline_r2_hf1,P52_T1,single,0,0.7725864428451624,25.0,22.0,26.0,3.6666666666666665,7.0,5.0
val,baseline_r2_hf1,P52_T1,ensemble,0,0.7784750549105742,25,22,23,1,7,5
val,baseline_r2_hf1,P52_T1,ensemble,5,0.7785972069668916,25,22,23,1,7,5
val,baseline_r2_hf1,P52_T1,ensemble,10,0.7770620581304006,25,21,22,1,7,4
val,baseline_r2_hf1,P52_T1,ensemble,20,0.7716585134921887,25,19,20,1,7,3
val,baseline_r2_hf1,P52_T1,ensemble,30,0.7640984908657665,25,17,18,1,7,2
val,baseline_r2_hf1,P52_T1,ensemble,50,0.7567829457364341,25,15,15,0,7,1
val,baseline_r2_hf1,P52_T1,ensemble,80,0.7352941176470589,25,12,12,0,7,0
val,baseline_r2,P41_T1,single,0,0.6052385625618087,10.0,9.333333333333334,13.333333333333334,4.0,1.0,1.0
val,baseline_r2,P41_T1,ensemble,0,0.6076527698458024,10,9,13,4,1,1
val,baseline_r2,P41_T1,ensemble,5,0.6086956521739131,10,9,12,3,1,1
val,baseline_r2,P41_T1,ensemble,10,0.6026451983898793,10,8,11,3,1,0
val,baseline_r2,P41_T1,ensemble,20,0.6121495327102804,10,8,9,1,1,0
val,baseline_r2,P41_T1,ensemble,30,0.6121495327102804,10,8,9,1,1,0
val,baseline_r2,P41_T1,ensemble,50,0.5563725490196079,10,6,7,1,1,0
val,baseline_r2,P41_T1,ensemble,80,0.49965205288796105,10,4,4,0,1,0
val,baseline_r2_hf1,P52_T2,single,0,0.6852204813006516,14.0,10.666666666666666,24.333333333333332,13.666666666666666,1.0,0.0
val,baseline_r2_hf1,P52_T2,ensemble,0,0.7268367871210824,14,10,21,11,1,0
val,baseline_r2_hf1,P52_T2,ensemble,5,0.7283336193581603,14,10,19,9,1,0
val,baseline_r2_hf1,P52_T2,ensemble,10,0.7283336193581603,14,10,19,9,1,0
val,baseline_r2_hf1,P52_T2,ensemble,20,0.7343831112649247,14,10,16,6,1,0
val,baseline_r2_hf1,P52_T2,ensemble,30,0.7404047452896022,14,10,14,4,1,0
val,baseline_r2_hf1,P52_T2,ensemble,50,0.7271107944424653,14,8,11,3,1,0
val,baseline_r2_hf1,P52_T2,ensemble,80,0.70874861572536,14,6,8,2,1,0
val,baseline_r2_hf1,P53_T2,single,0,0.706369743738097,23.0,16.666666666666668,19.0,1.6666666666666667,7.0,3.0
val,baseline_r2_hf1,P53_T2,ensemble,0,0.7034460443293965,23,17,20,2,7,3
val,baseline_r2_hf1,P53_T2,ensemble,5,0.7036917098445595,23,17,19,1,7,3
val,baseline_r2_hf1,P53_T2,ensemble,10,0.7029654837141468,23,16,18,1,7,3
val,baseline_r2_hf1,P53_T2,ensemble,20,0.7009771986970684,23,15,16,0,7,3
val,baseline_r2_hf1,P53_T2,ensemble,30,0.7009771986970684,23,15,16,0,7,3
val,baseline_r2_hf1,P53_T2,ensemble,50,0.6792452830188679,23,11,12,0,7,0
val,baseline_r2_hf1,P53_T2,ensemble,80,0.6305956996827635,23,6,7,0,7,0
val,baseline_r2_hf1,P53_T1,single,0,0.6134034331138175,22.0,15.666666666666666,19.0,4.333333333333333,7.0,3.0
val,baseline_r2_hf1,P53_T1,ensemble,0,0.6226831421006178,22,16,19,4,7,3
val,baseline_r2_hf1,P53_T1,ensemble,5,0.622820569410726,22,16,19,4,7,3
val,baseline_r2_hf1,P53_T1,ensemble,10,0.622954444935869,22,15,16,2,7,3
val,baseline_r2_hf1,P53_T1,ensemble,20,0.622954444935869,22,15,16,2,7,3
val,baseline_r2_hf1,P53_T1,ensemble,30,0.622954444935869,22,15,16,2,7,3
val,baseline_r2_hf1,P53_T1,ensemble,50,0.622954444935869,22,15,16,2,7,3
val,baseline_r2_hf1,P53_T1,ensemble,80,0.601808401052993,22,10,11,2,7,0
val,baseline_r2,P42_T1,single,0,0.8823934061014015,38.0,17.666666666666668,28.0,0.0,20.0,2.0
val,baseline_r2,P42_T1,ensemble,0,0.8830334029488639,38,18,28,0,20,2
val,baseline_r2,P42_T1,ensemble,5,0.8830025388011356,38,18,28,0,20,2
val,baseline_r2,P42_T1,ensemble,10,0.8829187147449127,38,18,27,0,20,2
val,baseline_r2,P42_T1,ensemble,20,0.8822638581208776,38,14,23,0,20,1
val,baseline_r2,P42_T1,ensemble,30,0.8811295697712296,38,11,20,0,20,1
val,baseline_r2,P42_T1,ensemble,50,0.8805337480247811,38,9,18,0,20,0
val,baseline_r2,P42_T1,ensemble,80,0.8780549161666855,38,6,14,0,20,0
val,baseline_r2,P43_T1,single,0,0.7550494162715408,31.0,18.333333333333332,32.0,4.666666666666667,14.0,4.0
val,baseline_r2,P43_T1,ensemble,0,0.7587812250286627,31,19,32,5,14,4
val,baseline_r2,P43_T1,ensemble,5,0.7587812250286627,31,19,32,5,14,4
val,baseline_r2,P43_T1,ensemble,10,0.758479288295802,31,18,31,5,14,3
val,baseline_r2,P43_T1,ensemble,20,0.7571976298361799,31,15,25,3,14,2
val,baseline_r2,P43_T1,ensemble,30,0.7577483489989169,31,14,22,1,14,1
val,baseline_r2,P43_T1,ensemble,50,0.7534314070528613,31,12,17,0,14,0
val,baseline_r2,P43_T1,ensemble,80,0.7490281998727826,31,10,15,0,14,0
val,baseline_r2,P44_T1,single,0,0.7502243008923971,10.0,10.0,27.333333333333332,15.666666666666666,1.0,1.0
val,baseline_r2,P44_T1,ensemble,0,0.7580038621811159,10,10,26,14,1,1
val,baseline_r2,P44_T1,ensemble,5,0.758466388691142,10,10,25,13,1,1
val,baseline_r2,P44_T1,ensemble,10,0.7581712656552286,10,10,23,12,1,1
val,baseline_r2,P44_T1,ensemble,20,0.7581712656552286,10,10,23,12,1,1
val,baseline_r2,P44_T1,ensemble,30,0.7618950168832498,10,10,21,10,1,1
val,baseline_r2,P44_T1,ensemble,50,0.7631878951186651,10,9,18,8,1,1
val,baseline_r2,P44_T1,ensemble,80,0.7686794092093832,10,7,11,4,1,0
val,baseline_r2,P45_T1,single,0,0.8405734141436847,14.0,11.0,19.0,8.0,4.0,2.0
val,baseline_r2,P45_T1,ensemble,0,0.8541305218203656,14,11,19,8,4,2
val,baseline_r2,P45_T1,ensemble,5,0.8545296748781628,14,11,17,6,4,2
val,baseline_r2,P45_T1,ensemble,10,0.8545296748781628,14,11,17,6,4,2
val,baseline_r2,P45_T1,ensemble,20,0.854734024757444,14,10,15,5,4,1
val,baseline_r2,P45_T1,ensemble,30,0.8572579021542178,14,10,13,3,4,1
val,baseline_r2,P45_T1,ensemble,50,0.855392486872223,14,9,12,3,4,0
val,baseline_r2,P45_T1,ensemble,80,0.8593263898282159,14,9,11,2,4,0
val,baseline_r2,P46_T1,single,0,0.8368488122384226,27.0,21.333333333333332,26.0,4.333333333333333,7.0,3.3333333333333335
val,baseline_r2,P46_T1,ensemble,0,0.8480798360509668,27,22,26,4,7,4
val,baseline_r2,P46_T1,ensemble,5,0.8481983589011773,27,21,23,2,7,3
val,baseline_r2,P46_T1,ensemble,10,0.8472730518611087,27,20,22,2,7,2
val,baseline_r2,P46_T1,ensemble,20,0.8462777380100215,27,19,20,1,7,1
val,baseline_r2,P46_T1,ensemble,30,0.8462777380100215,27,19,20,1,7,1
val,baseline_r2,P46_T1,ensemble,50,0.8394524521802194,27,16,16,0,7,1
val,baseline_r2,P46_T1,ensemble,80,0.8219279562922492,27,12,12,0,7,0
val,baseline_r2,P48_T1,single,0,0.7215415177720689,42.0,29.666666666666668,40.0,8.666666666666666,15.0,7.0
val,baseline_r2,P48_T1,ensemble,0,0.7224866984038084,42,29,37,6,15,7
val,baseline_r2,P48_T1,ensemble,5,0.7221443915195667,42,28,36,6,15,6
val,baseline_r2,P48_T1,ensemble,10,0.7203516647961092,42,27,34,6,15,6
val,baseline_r2,P48_T1,ensemble,20,0.7212961228694512,42,27,33,5,15,6
val,baseline_r2,P48_T1,ensemble,30,0.7135145373614926,42,23,28,4,15,3
val,baseline_r2,P48_T1,ensemble,50,0.7020551280802572,42,18,20,1,15,2
val,baseline_r2,P48_T1,ensemble,80,0.6593384014793507,42,11,12,1,15,0
val,baseline_r2,P47_T1,single,0,0.8416496770772333,53.0,37.333333333333336,42.333333333333336,2.3333333333333335,20.0,7.333333333333333
val,baseline_r2,P47_T1,ensemble,0,0.8419907945981489,53,36,40,1,20,7
val,baseline_r2,P47_T1,ensemble,5,0.8418949338594228,53,36,40,1,20,7
val,baseline_r2,P47_T1,ensemble,10,0.8417484569462714,53,35,39,1,20,6
val,baseline_r2,P47_T1,ensemble,20,0.8407507788951087,53,33,35,0,20,5
val,baseline_r2,P47_T1,ensemble,30,0.8405870573622976,53,32,34,0,20,4
val,baseline_r2,P47_T1,ensemble,50,0.8344750025559758,53,25,26,0,20,0
val,baseline_r2,P47_T1,ensemble,80,0.8302991398125562,53,22,23,0,20,0
val,baseline_r2,P49_T2,single,0,0.655908728041028,19.0,17.0,32.333333333333336,10.666666666666666,0.0,0.0
val,baseline_r2,P49_T2,ensemble,0,0.6621651376146789,19,17,29,7,0,0
val,baseline_r2,P49_T2,ensemble,5,0.6622623504367614,19,17,29,7,0,0
val,baseline_r2,P49_T2,ensemble,10,0.6626514873301506,19,17,28,6,0,0
val,baseline_r2,P49_T2,ensemble,20,0.6631244926573685,19,17,24,3,0,0
val,baseline_r2,P49_T2,ensemble,30,0.66185766341935,19,15,20,1,0,0
val,baseline_r2,P49_T2,ensemble,50,0.6557597489914836,19,14,18,1,0,0
val,baseline_r2,P49_T2,ensemble,80,0.6464829040518151,19,13,16,1,0,0
val,baseline_r2,P49_T1,single,0,0.8542750516502461,29.0,22.333333333333332,26.333333333333332,1.6666666666666667,6.0,2.3333333333333335
val,baseline_r2,P49_T1,ensemble,0,0.8578968611257723,29,23,24,1,6,2
val,baseline_r2,P49_T1,ensemble,5,0.8578703056836353,29,22,23,1,6,2
val,baseline_r2,P49_T1,ensemble,10,0.8578703056836353,29,22,23,1,6,2
val,baseline_r2,P49_T1,ensemble,20,0.8572582524271845,29,19,20,1,6,2
val,baseline_r2,P49_T1,ensemble,30,0.8568409274569528,29,18,19,1,6,1
val,baseline_r2,P49_T1,ensemble,50,0.854030636892054,29,14,15,1,6,1
val,baseline_r2,P49_T1,ensemble,80,0.8527531610947,29,12,12,0,6,1
val,baseline_r2,P50_T1,single,0,0.7515705879207228,45.0,30.333333333333332,42.0,9.0,14.0,2.3333333333333335
val,baseline_r2,P50_T1,ensemble,0,0.7580190723883832,45,32,41,7,14,3
val,baseline_r2,P50_T1,ensemble,5,0.7582244864776977,45,32,40,6,14,3
val,baseline_r2,P50_T1,ensemble,10,0.7567156889347154,45,28,36,6,14,1
val,baseline_r2,P50_T1,ensemble,20,0.7561572337302235,45,28,34,5,14,1
val,baseline_r2,P50_T1,ensemble,30,0.7555046871593634,45,27,32,4,14,1
val,baseline_r2,P50_T1,ensemble,50,0.7480388392122442,45,25,29,4,14,1
val,baseline_r2,P50_T1,ensemble,80,0.729953498922536,45,17,19,2,14,0
val,baseline_r2,P50_T2,single,0,0.8179852492476963,40.0,30.666666666666668,43.666666666666664,9.0,12.0,4.333333333333333
val,baseline_r2,P50_T2,ensemble,0,0.8203278389114652,40,30,43,9,12,4
val,baseline_r2,P50_T2,ensemble,5,0.8202575577678327,40,30,42,9,12,4
val,baseline_r2,P50_T2,ensemble,10,0.8205175065868628,40,29,37,5,12,4
val,baseline_r2,P50_T2,ensemble,20,0.8203822821083437,40,28,33,3,12,3
val,baseline_r2,P50_T2,ensemble,30,0.8192223171773898,40,25,30,3,12,2
val,baseline_r2,P50_T2,ensemble,50,0.8183000137663092,40,22,26,2,12,1
val,baseline_r2,P50_T2,ensemble,80,0.8171754961279695,40,18,19,0,12,0
val,baseline_r2,P51_T2,single,0,0.7980733217911924,33.0,24.0,36.0,11.0,8.0,2.3333333333333335
val,baseline_r2,P51_T2,ensemble,0,0.7997928155753938,33,24,35,10,8,2
val,baseline_r2,P51_T2,ensemble,5,0.7997928155753938,33,24,35,10,8,2
val,baseline_r2,P51_T2,ensemble,10,0.7995244917243272,33,23,33,10,8,1
val,baseline_r2,P51_T2,ensemble,20,0.800524934383202,33,23,30,7,8,1
val,baseline_r2,P51_T2,ensemble,30,0.7989596083231334,33,21,26,6,8,1
val,baseline_r2,P51_T2,ensemble,50,0.8001348369698456,33,21,25,5,8,1
val,baseline_r2,P51_T2,ensemble,80,0.7858099479864205,33,13,16,5,8,1
val,baseline_r2,P51_T1,single,0,0.8194975105186874,42.0,29.666666666666668,38.666666666666664,7.666666666666667,14.0,6.0
val,baseline_r2,P51_T1,ensemble,0,0.8244688865451258,42,29,36,6,14,6
val,baseline_r2,P51_T1,ensemble,5,0.8244734958369438,42,29,36,6,14,6
val,baseline_r2,P51_T1,ensemble,10,0.8242077099898255,42,28,35,6,14,5
val,baseline_r2,P51_T1,ensemble,20,0.8239598657161178,42,27,33,5,14,5
val,baseline_r2,P51_T1,ensemble,30,0.8198164023973902,42,23,27,4,14,2
val,baseline_r2,P51_T1,ensemble,50,0.8094871992004306,42,15,19,4,14,0
val,baseline_r2,P51_T1,ensemble,80,0.8065684989592167,42,14,18,4,14,0
val,baseline_r2,P52_T1,single,0,0.7696972559654854,25.0,21.333333333333332,24.0,2.6666666666666665,7.0,4.333333333333333
val,baseline_r2,P52_T1,ensemble,0,0.772405297197413,25,20,23,3,7,3
val,baseline_r2,P52_T1,ensemble,5,0.7728604471858134,25,20,21,1,7,3
val,baseline_r2,P52_T1,ensemble,10,0.7728604471858134,25,20,21,1,7,3
val,baseline_r2,P52_T1,ensemble,20,0.7663928073166951,25,18,19,1,7,2
val,baseline_r2,P52_T1,ensemble,30,0.7577271308148611,25,16,17,1,7,2
val,baseline_r2,P52_T1,ensemble,50,0.7544966866519407,25,15,15,0,7,1
val,baseline_r2,P52_T1,ensemble,80,0.7465720277464107,25,13,13,0,7,0
val,baseline,P41_T1,single,0,0.5954953300054348,10.0,9.0,14.0,5.0,1.0,0.6666666666666666
val,baseline,P41_T1,ensemble,0,0.6041088284286508,10,10,14,4,1,1
val,baseline,P41_T1,ensemble,5,0.6041088284286508,10,10,14,4,1,1
val,baseline,P41_T1,ensemble,10,0.5946248600223965,10,8,12,4,1,0
val,baseline,P41_T1,ensemble,20,0.6065105653912051,10,8,10,2,1,0
val,baseline,P41_T1,ensemble,30,0.5881670533642691,10,7,9,2,1,0
val,baseline,P41_T1,ensemble,50,0.5929148539465506,10,6,6,0,1,0
val,baseline,P41_T1,ensemble,80,0.5554842847979474,10,5,5,0,1,0
val,baseline_r2,P53_T2,single,0,0.6910891743677229,23.0,15.666666666666666,17.333333333333332,0.6666666666666666,7.0,3.0
val,baseline_r2,P53_T2,ensemble,0,0.6879455605962411,23,16,17,0,7,3
val,baseline_r2,P53_T2,ensemble,5,0.6862426995457496,23,15,16,0,7,3
val,baseline_r2,P53_T2,ensemble,10,0.6862426995457496,23,15,16,0,7,3
val,baseline_r2,P53_T2,ensemble,20,0.6862426995457496,23,15,16,0,7,3
val,baseline_r2,P53_T2,ensemble,30,0.6766917293233082,23,13,14,0,7,2
val,baseline_r2,P53_T2,ensemble,50,0.6588979523888796,23,10,11,0,7,0
val,baseline_r2,P53_T2,ensemble,80,0.631578947368421,23,7,8,0,7,0
val,baseline_r2,P52_T2,single,0,0.6434483898267144,14.0,10.0,23.0,13.0,1.0,0.0
val,baseline_r2,P52_T2,ensemble,0,0.6648785105711581,14,9,19,10,1,0
val,baseline_r2,P52_T2,ensemble,5,0.6643500236929395,14,9,19,10,1,0
val,baseline_r2,P52_T2,ensemble,10,0.666138739309471,14,9,17,8,1,0
val,baseline_r2,P52_T2,ensemble,20,0.666138739309471,14,9,17,8,1,0
val,baseline_r2,P52_T2,ensemble,30,0.6644241550536601,14,8,14,6,1,0
val,baseline_r2,P52_T2,ensemble,50,0.6690322580645162,14,8,13,5,1,0
val,baseline_r2,P52_T2,ensemble,80,0.6496010638297872,14,6,10,4,1,0
val,baseline_r2,P53_T1,single,0,0.6155176114335923,22.0,15.333333333333334,17.666666666666668,3.3333333333333335,7.0,3.0
val,baseline_r2,P53_T1,ensemble,0,0.620934740469524,22,15,16,2,7,3
val,baseline_r2,P53_T1,ensemble,5,0.6210685049547608,22,15,16,2,7,3
val,baseline_r2,P53_T1,ensemble,10,0.6210685049547608,22,15,16,2,7,3
val,baseline_r2,P53_T1,ensemble,20,0.6210685049547608,22,15,16,2,7,3
val,baseline_r2,P53_T1,ensemble,30,0.6210685049547608,22,15,16,2,7,3
val,baseline_r2,P53_T1,ensemble,50,0.6158008658008658,22,14,15,2,7,3
val,baseline_r2,P53_T1,ensemble,80,0.591382204812535,22,9,10,2,7,0
val,baseline,P43_T1,single,0,0.7445506392114113,31.0,16.666666666666668,35.0,4.333333333333333,14.0,2.6666666666666665
val,baseline,P43_T1,ensemble,0,0.7491323748140803,31,16,33,4,14,2
val,baseline,P43_T1,ensemble,5,0.7489551604448538,31,15,32,4,14,2
val,baseline,P43_T1,ensemble,10,0.748812140982909,31,14,28,2,14,1
val,baseline,P43_T1,ensemble,20,0.7462325845891384,31,12,24,2,14,0
val,baseline,P43_T1,ensemble,30,0.7462325845891384,31,12,24,2,14,0
val,baseline,P43_T1,ensemble,50,0.7456234369417649,31,12,20,0,14,0
val,baseline,P43_T1,ensemble,80,0.7317073170731707,31,9,14,0,14,0
val,baseline,P42_T1,single,0,0.8622315171775204,38.0,18.333333333333332,31.333333333333332,0.3333333333333333,20.0,2.6666666666666665
val,baseline,P42_T1,ensemble,0,0.8644822999134691,38,19,33,1,20,3
val,baseline,P42_T1,ensemble,5,0.8645157957275333,38,19,32,0,20,3
val,baseline,P42_T1,ensemble,10,0.8643251133530544,38,18,30,0,20,3
val,baseline,P42_T1,ensemble,20,0.8639629859387924,38,16,27,0,20,1
val,baseline,P42_T1,ensemble,30,0.8622800999339815,38,12,22,0,20,1
val,baseline,P42_T1,ensemble,50,0.8599610642439974,38,8,17,0,20,0
val,baseline,P42_T1,ensemble,80,0.8573251227037794,38,6,13,0,20,0
val,baseline,P46_T1,single,0,0.8344934661896964,27.0,22.0,26.333333333333332,4.0,7.0,3.0
val,baseline,P46_T1,ensemble,0,0.8398997134670487,27,22,25,3,7,3
val,baseline,P46_T1,ensemble,5,0.8403511915427343,27,22,24,2,7,3
val,baseline,P46_T1,ensemble,10,0.8409539178769948,27,22,23,1,7,3
val,baseline,P46_T1,ensemble,20,0.8383502560876988,27,20,21,1,7,1
val,baseline,P46_T1,ensemble,30,0.8386572820790471,27,19,19,0,7,1
val,baseline,P46_T1,ensemble,50,0.8241647597254005,27,15,15,0,7,1
val,baseline,P46_T1,ensemble,80,0.8064455686715383,27,11,11,0,7,0
val,baseline,P44_T1,single,0,0.6883903747777286,10.0,10.0,34.333333333333336,23.0,1.0,1.0
val,baseline,P44_T1,ensemble,0,0.6988043271968115,10,10,29,18,1,1
val,baseline,P44_T1,ensemble,5,0.699069679134232,10,10,29,18,1,1
val,baseline,P44_T1,ensemble,10,0.7009328003045878,10,10,25,14,1,1
val,baseline,P44_T1,ensemble,20,0.7030742791674622,10,10,23,12,1,1
val,baseline,P44_T1,ensemble,30,0.7030742791674622,10,10,23,12,1,1
val,baseline,P44_T1,ensemble,50,0.7130822116781254,10,10,19,8,1,1
val,baseline,P44_T1,ensemble,80,0.6985836824256932,10,7,14,7,1,0
val,baseline,P47_T1,single,0,0.8463180687122307,53.0,38.0,44.666666666666664,2.6666666666666665,20.0,8.666666666666666
val,baseline,P47_T1,ensemble,0,0.8467750231457669,53,37,43,2,20,8
val,baseline,P47_T1,ensemble,5,0.8465970471732085,53,37,42,2,20,8
val,baseline,P47_T1,ensemble,10,0.8463596604064831,53,36,41,2,20,7
val,baseline,P47_T1,ensemble,20,0.8457337180544106,53,34,37,1,20,5
val,baseline,P47_T1,ensemble,30,0.8453799721405355,53,33,35,0,20,5
val,baseline,P47_T1,ensemble,50,0.838294658436857,53,23,25,0,20,0
val,baseline,P47_T1,ensemble,80,0.8344138868555893,53,22,23,0,20,0
val,baseline,P45_T1,single,0,0.7922721465720063,14.0,11.0,21.666666666666668,10.666666666666666,4.0,2.0
val,baseline,P45_T1,ensemble,0,0.8104757085020243,14,11,21,10,4,2
val,baseline,P45_T1,ensemble,5,0.8106808402935965,14,11,20,9,4,2
val,baseline,P45_T1,ensemble,10,0.811348236337154,14,11,18,7,4,2
val,baseline,P45_T1,ensemble,20,0.8133054021456231,14,11,15,4,4,2
val,baseline,P45_T1,ensemble,30,0.8128933816517261,14,10,14,4,4,1
val,baseline,P45_T1,ensemble,50,0.8151755960010254,14,9,11,2,4,0
val,baseline,P45_T1,ensemble,80,0.8151755960010254,14,9,11,2,4,0
val,baseline,P48_T1,single,0,0.7108927768065296,42.0,29.333333333333332,39.333333333333336,8.333333333333334,15.0,7.333333333333333
val,baseline,P48_T1,ensemble,0,0.7139748320560129,42,29,41,9,15,7
val,baseline,P48_T1,ensemble,5,0.7131753554502369,42,28,37,7,15,6
val,baseline,P48_T1,ensemble,10,0.7115877384454778,42,27,35,7,15,6
val,baseline,P48_T1,ensemble,20,0.7127557850449416,42,26,29,3,15,5
val,baseline,P48_T1,ensemble,30,0.7040046430644226,42,22,24,2,15,2
val,baseline,P48_T1,ensemble,50,0.6861974046401887,42,18,20,2,15,2
val,baseline,P48_T1,ensemble,80,0.6531582756125297,42,11,12,1,15,0
val,baseline,P49_T1,single,0,0.8375624590009547,29.0,19.333333333333332,26.666666666666668,2.3333333333333335,6.0,1.6666666666666667
val,baseline,P49_T1,ensemble,0,0.8403323602066023,29,20,25,2,6,2
val,baseline,P49_T1,ensemble,5,0.840313758200863,29,20,25,2,6,2
val,baseline,P49_T1,ensemble,10,0.840313758200863,29,20,25,2,6,2
val,baseline,P49_T1,ensemble,20,0.8403280424978735,29,19,23,1,6,2
val,baseline,P49_T1,ensemble,30,0.8398811912980654,29,18,22,1,6,2
val,baseline,P49_T1,ensemble,50,0.8365756248389591,29,13,17,1,6,1
val,baseline,P49_T1,ensemble,80,0.8361010597053502,29,11,14,0,6,1
val,baseline,P50_T1,single,0,0.7488969669483466,45.0,30.333333333333332,41.333333333333336,8.666666666666666,14.0,2.0
val,baseline,P50_T1,ensemble,0,0.7562599746849376,45,30,40,9,14,1
val,baseline,P50_T1,ensemble,5,0.7565097715386733,45,30,39,8,14,1
val,baseline,P50_T1,ensemble,10,0.7566674013665418,45,29,36,6,14,1
val,baseline,P50_T1,ensemble,20,0.7566674013665418,45,29,36,6,14,1
val,baseline,P50_T1,ensemble,30,0.7531719208820433,45,26,32,5,14,1
val,baseline,P50_T1,ensemble,50,0.7343468468468468,45,20,25,5,14,0
val,baseline,P50_T1,ensemble,80,0.7325159730616474,45,17,19,2,14,0
val,baseline,P50_T2,single,0,0.8566096052038947,40.0,29.333333333333332,43.0,6.0,12.0,4.0
val,baseline,P50_T2,ensemble,0,0.867363688794901,40,28,43,7,12,3
val,baseline,P50_T2,ensemble,5,0.8674534859644453,40,28,41,5,12,3
val,baseline,P50_T2,ensemble,10,0.8675197869664916,40,28,38,3,12,3
val,baseline,P50_T2,ensemble,20,0.8671927045552118,40,27,35,2,12,2
val,baseline,P50_T2,ensemble,30,0.866161803281118,40,24,32,2,12,2
val,baseline,P50_T2,ensemble,50,0.865031767709756,40,21,29,2,12,0
val,baseline,P50_T2,ensemble,80,0.8608919177427068,40,17,22,1,12,0
val,baseline,P49_T2,single,0,0.5809555491548557,19.0,17.333333333333332,31.666666666666668,9.0,0.0,0.0
val,baseline,P49_T2,ensemble,0,0.6054437504819185,19,18,31,8,0,0
val,baseline,P49_T2,ensemble,5,0.6056772601049059,19,18,30,7,0,0
val,baseline,P49_T2,ensemble,10,0.6050498031040075,19,17,28,6,0,0
val,baseline,P49_T2,ensemble,20,0.6031055900621118,19,16,24,4,0,0
val,baseline,P49_T2,ensemble,30,0.5979734996102883,19,14,22,4,0,0
val,baseline,P49_T2,ensemble,50,0.5872628512949697,19,13,19,4,0,0
val,baseline,P49_T2,ensemble,80,0.5850134942054295,19,13,17,3,0,0
val,baseline,P51_T1,single,0,0.8249002803850295,42.0,28.666666666666668,38.666666666666664,7.333333333333333,14.0,5.0
val,baseline,P51_T1,ensemble,0,0.8396645288603848,42,29,37,6,14,5
val,baseline,P51_T1,ensemble,5,0.839696394686907,42,29,37,6,14,5
val,baseline,P51_T1,ensemble,10,0.8398390036452005,42,29,35,5,14,5
val,baseline,P51_T1,ensemble,20,0.8366187516681283,42,23,28,4,14,2
val,baseline,P51_T1,ensemble,30,0.8356420530433123,42,23,27,4,14,2
val,baseline,P51_T1,ensemble,50,0.827405494971292,42,16,20,4,14,0
val,baseline,P51_T1,ensemble,80,0.8277912526406385,42,13,14,1,14,0
val,baseline,P52_T1,single,0,0.7565935095521824,25.0,23.666666666666668,28.333333333333332,4.666666666666667,7.0,6.333333333333333
val,baseline,P52_T1,ensemble,0,0.7633751146438398,25,24,28,4,7,7
val,baseline,P52_T1,ensemble,5,0.7628077687719835,25,23,27,4,7,6
val,baseline,P52_T1,ensemble,10,0.7593927311762,25,21,25,4,7,4
val,baseline,P52_T1,ensemble,20,0.7574257425742574,25,19,21,2,7,3
val,baseline,P52_T1,ensemble,30,0.7560937254285265,25,17,17,0,7,2
val,baseline,P52_T1,ensemble,50,0.7451479478205536,25,15,15,0,7,1
val,baseline,P52_T1,ensemble,80,0.7103952175357025,25,11,11,0,7,0
val,baseline,P51_T2,single,0,0.7929247578771491,33.0,22.0,34.0,9.0,8.0,0.3333333333333333
val,baseline,P51_T2,ensemble,0,0.803187250996016,33,22,33,8,8,0
val,baseline,P51_T2,ensemble,5,0.8032118667443072,33,22,33,8,8,0
val,baseline,P51_T2,ensemble,10,0.8026981450252951,33,22,31,8,8,0
val,baseline,P51_T2,ensemble,20,0.8026981450252951,33,22,31,8,8,0
val,baseline,P51_T2,ensemble,30,0.8015729163466561,33,20,28,7,8,0
val,baseline,P51_T2,ensemble,50,0.8008904279000743,33,17,23,5,8,0
val,baseline,P51_T2,ensemble,80,0.8007774538386784,33,13,15,1,8,0
val,baseline,P52_T2,single,0,0.6967137306262717,14.0,10.333333333333334,17.333333333333332,7.0,1.0,0.0
val,baseline,P52_T2,ensemble,0,0.717231737154841,14,10,16,6,1,0
val,baseline,P52_T2,ensemble,5,0.7170868347338936,14,10,15,5,1,0
val,baseline,P52_T2,ensemble,10,0.7177150867355879,14,10,14,4,1,0
val,baseline,P52_T2,ensemble,20,0.7162233574070812,14,9,12,3,1,0
val,baseline,P52_T2,ensemble,30,0.7110010611956137,14,8,11,3,1,0
val,baseline,P52_T2,ensemble,50,0.7086614173228346,14,7,9,2,1,0
val,baseline,P52_T2,ensemble,80,0.6948968512486428,14,6,8,2,1,0
test,baseline_r2_hf1,P54,single,0,0.817448763324227,5.0,5.0,7.666666666666667,2.6666666666666665,0.0,0.0
test,baseline_r2_hf1,P54,ensemble,0,0.8380610412926391,5,5,7,2,0,0
test,baseline_r2_hf1,P54,ensemble,5,0.8383620689655172,5,5,7,2,0,0
test,baseline_r2_hf1,P54,ensemble,10,0.8383620689655172,5,5,7,2,0,0
test,baseline_r2_hf1,P54,ensemble,20,0.8413842826243692,5,5,6,1,0,0
test,baseline_r2_hf1,P54,ensemble,30,0.8413842826243692,5,5,6,1,0,0
test,baseline_r2_hf1,P54,ensemble,50,0.827661909989023,5,4,5,1,0,0
test,baseline_r2_hf1,P54,ensemble,80,0.8015065913370998,5,3,4,1,0,0
val,baseline,P53_T2,single,0,0.6910707585626548,23.0,18.0,22.333333333333332,2.6666666666666665,7.0,4.0
val,baseline,P53_T2,ensemble,0,0.6880645161290323,23,18,23,3,7,4
val,baseline,P53_T2,ensemble,5,0.6887417218543046,23,18,21,1,7,4
val,baseline,P53_T2,ensemble,10,0.6883495145631068,23,17,19,0,7,3
val,baseline,P53_T2,ensemble,20,0.6845180136319376,23,17,18,0,7,3
val,baseline,P53_T2,ensemble,30,0.6732380482996551,23,14,15,0,7,1
val,baseline,P53_T2,ensemble,50,0.6530543933054394,23,11,12,0,7,0
val,baseline,P53_T2,ensemble,80,0.6266138750215183,23,8,9,0,7,0
test,baseline_r2_hf1,P55,single,0,0.668666320495726,37.0,24.333333333333332,26.666666666666668,3.3333333333333335,10.0,2.0
test,baseline_r2_hf1,P55,ensemble,0,0.6764352104975396,37,25,26,2,10,2
test,baseline_r2_hf1,P55,ensemble,5,0.6754213175749617,37,23,24,2,10,2
test,baseline_r2_hf1,P55,ensemble,10,0.676013143483023,37,23,23,1,10,2
test,baseline_r2_hf1,P55,ensemble,20,0.6725255410304295,37,21,21,1,10,1
test,baseline_r2_hf1,P55,ensemble,30,0.6746748953052678,37,21,20,0,10,1
test,baseline_r2_hf1,P55,ensemble,50,0.6573803639631544,37,17,16,0,10,0
test,baseline_r2_hf1,P55,ensemble,80,0.6455074780226053,37,15,14,0,10,0
val,baseline,P53_T1,single,0,0.6114263026462999,22.0,15.333333333333334,19.333333333333332,4.666666666666667,7.0,3.0
val,baseline,P53_T1,ensemble,0,0.6236894010173363,22,15,18,4,7,3
val,baseline,P53_T1,ensemble,5,0.6236894010173363,22,15,18,4,7,3
val,baseline,P53_T1,ensemble,10,0.6242726517040732,22,15,17,3,7,3
val,baseline,P53_T1,ensemble,20,0.6254424318134499,22,15,16,2,7,3
val,baseline,P53_T1,ensemble,30,0.6254424318134499,22,15,16,2,7,3
val,baseline,P53_T1,ensemble,50,0.6211154127864392,22,14,15,2,7,3
val,baseline,P53_T1,ensemble,80,0.5999567286888793,22,9,10,2,7,0
test,baseline_r2_hf1,P58,single,0,0.6218232855160407,42.0,25.666666666666668,34.0,8.666666666666666,9.0,3.3333333333333335
test,baseline_r2_hf1,P58,ensemble,0,0.6285908550059494,42,24,31,8,9,3
test,baseline_r2_hf1,P58,ensemble,5,0.6285617079186867,42,24,30,7,9,3
test,baseline_r2_hf1,P58,ensemble,10,0.6285617079186867,42,24,30,7,9,3
test,baseline_r2_hf1,P58,ensemble,20,0.6290157211209843,42,23,27,5,9,3
test,baseline_r2_hf1,P58,ensemble,30,0.627914951989026,42,22,25,4,9,2
test,baseline_r2_hf1,P58,ensemble,50,0.6055846422338569,42,18,20,4,9,2
test,baseline_r2_hf1,P58,ensemble,80,0.583303730017762,42,15,17,4,9,2
test,baseline_r2_hf1,P56,single,0,0.6854720105565026,3.0,2.0,13.666666666666666,11.333333333333334,0.0,0.0
test,baseline_r2_hf1,P56,ensemble,0,0.7287328970850684,3,2,12,10,0,0
test,baseline_r2_hf1,P56,ensemble,5,0.7309069212410502,3,2,10,8,0,0
test,baseline_r2_hf1,P56,ensemble,10,0.7337526205450734,3,2,8,6,0,0
test,baseline_r2_hf1,P56,ensemble,20,0.7390648567119156,3,2,6,4,0,0
test,baseline_r2_hf1,P56,ensemble,30,0.7446808510638298,3,2,5,3,0,0
test,baseline_r2_hf1,P56,ensemble,50,0.76347771891555,3,2,3,1,0,0
test,baseline_r2_hf1,P56,ensemble,80,0.76347771891555,3,2,3,1,0,0
test,baseline_r2_hf1,P57,single,0,0.7538788522141768,100.0,39.666666666666664,53.333333333333336,4.666666666666667,37.0,1.0
test,baseline_r2_hf1,P57,ensemble,0,0.7560691103212615,100,39,54,5,37,0
test,baseline_r2_hf1,P57,ensemble,5,0.7559837505489679,100,38,53,5,37,0
test,baseline_r2_hf1,P57,ensemble,10,0.7559197792694478,100,37,51,4,37,0
test,baseline_r2_hf1,P57,ensemble,20,0.755097554273152,100,34,46,3,37,0
test,baseline_r2_hf1,P57,ensemble,30,0.7533711266442842,100,30,42,3,37,0
test,baseline_r2_hf1,P57,ensemble,50,0.7509878146500512,100,25,34,1,37,0
test,baseline_r2_hf1,P57,ensemble,80,0.7438529149977748,100,22,27,1,37,0
test,baseline_r2_hf1,P61,single,0,0.689465970881877,12.0,10.0,19.666666666666668,8.333333333333334,1.0,0.0
test,baseline_r2_hf1,P61,ensemble,0,0.7139335371265161,12,10,15,6,1,0
test,baseline_r2_hf1,P61,ensemble,5,0.7142152510604716,12,10,15,6,1,0
test,baseline_r2_hf1,P61,ensemble,10,0.7146382390682064,12,10,14,5,1,0
test,baseline_r2_hf1,P61,ensemble,20,0.7146382390682064,12,10,14,5,1,0
test,baseline_r2_hf1,P61,ensemble,30,0.7146382390682064,12,10,14,5,1,0
test,baseline_r2_hf1,P61,ensemble,50,0.7178978681209718,12,10,13,4,1,0
test,baseline_r2_hf1,P61,ensemble,80,0.7273654159869495,12,9,9,1,1,0
test,baseline_r2_hf1,P60,single,0,0.6171072291497066,25.0,23.333333333333332,51.333333333333336,27.666666666666668,1.0,0.0
test,baseline_r2_hf1,P60,ensemble,0,0.6320201173512154,25,24,48,24,1,0
test,baseline_r2_hf1,P60,ensemble,5,0.6322674418604651,25,24,47,23,1,0
test,baseline_r2_hf1,P60,ensemble,10,0.6329751511081263,25,24,44,20,1,0
test,baseline_r2_hf1,P60,ensemble,20,0.6346445205095113,25,24,41,17,1,0
test,baseline_r2_hf1,P60,ensemble,30,0.6385861893738355,25,24,36,12,1,0
test,baseline_r2_hf1,P60,ensemble,50,0.638415159345392,25,21,28,7,1,0
test,baseline_r2_hf1,P60,ensemble,80,0.6333449436897712,25,19,25,6,1,0
test,baseline_r2_hf1,P59,single,0,0.42114179576829236,15.0,12.0,23.666666666666668,13.0,6.0,3.0
test,baseline_r2_hf1,P59,ensemble,0,0.43683176958324244,15,12,20,10,6,3
test,baseline_r2_hf1,P59,ensemble,5,0.43649061545176776,15,12,20,10,6,3
test,baseline_r2_hf1,P59,ensemble,10,0.43869269576661546,15,12,17,7,6,3
test,baseline_r2_hf1,P59,ensemble,20,0.43994720633523976,15,12,16,6,6,3
test,baseline_r2_hf1,P59,ensemble,30,0.4484304932735426,15,12,13,3,6,3
test,baseline_r2_hf1,P59,ensemble,50,0.4449520328917314,15,10,11,2,6,1
test,baseline_r2_hf1,P59,ensemble,80,0.39941262848751835,15,7,6,0,6,1
test,baseline_r2_hf1,P63,single,0,0.7654182093832551,12.0,10.666666666666666,15.0,4.333333333333333,3.0,2.0
test,baseline_r2_hf1,P63,ensemble,0,0.7703984819734345,12,11,15,4,3,2
test,baseline_r2_hf1,P63,ensemble,5,0.7703984819734345,12,11,15,4,3,2
test,baseline_r2_hf1,P63,ensemble,10,0.7703984819734345,12,11,15,4,3,2
test,baseline_r2_hf1,P63,ensemble,20,0.7722301474084641,12,11,14,3,3,2
test,baseline_r2_hf1,P63,ensemble,30,0.7731843575418994,12,10,12,2,3,2
test,baseline_r2_hf1,P63,ensemble,50,0.7667690318409568,12,8,10,2,3,1
test,baseline_r2_hf1,P63,ensemble,80,0.771993410214168,12,7,8,1,3,0
test,baseline_r2_hf1,P62,single,0,0.7278328089304408,49.0,32.333333333333336,34.0,3.0,18.0,7.333333333333333
test,baseline_r2_hf1,P62,ensemble,0,0.7376801647220316,49,32,32,1,18,7
test,baseline_r2_hf1,P62,ensemble,5,0.7369866776541684,49,32,31,1,18,7
test,baseline_r2_hf1,P62,ensemble,10,0.737695903216937,49,32,30,0,18,7
test,baseline_r2_hf1,P62,ensemble,20,0.726314329310584,49,28,26,0,18,6
test,baseline_r2_hf1,P62,ensemble,30,0.7203685606589418,49,26,24,0,18,5
test,baseline_r2_hf1,P62,ensemble,50,0.6950922878809558,49,21,19,0,18,2
test,baseline_r2_hf1,P62,ensemble,80,0.6385836385836385,49,14,12,0,18,1
test,baseline_r2_hf1,P64,single,0,0.7193089086232171,30.0,20.0,30.0,10.333333333333334,7.0,2.0
test,baseline_r2_hf1,P64,ensemble,0,0.7335435954827552,30,20,28,9,7,2
test,baseline_r2_hf1,P64,ensemble,5,0.733027989821883,30,19,27,9,7,1
test,baseline_r2_hf1,P64,ensemble,10,0.7340739985730302,30,19,25,7,7,1
test,baseline_r2_hf1,P64,ensemble,20,0.73359231241055,30,18,23,6,7,1
test,baseline_r2_hf1,P64,ensemble,30,0.7351705767851655,30,18,22,5,7,1
test,baseline_r2_hf1,P64,ensemble,50,0.7302272961020261,30,17,21,5,7,1
test,baseline_r2_hf1,P64,ensemble,80,0.7237949502677888,30,12,12,1,7,1
test,baseline_r2_hf1,P66,single,0,0.6877238402717692,56.0,31.666666666666668,38.0,6.0,19.0,3.6666666666666665
test,baseline_r2_hf1,P66,ensemble,0,0.6885011611981182,56,31,35,5,19,4
test,baseline_r2_hf1,P66,ensemble,5,0.6882277613984931,56,30,33,5,19,4
test,baseline_r2_hf1,P66,ensemble,10,0.6882277613984931,56,30,33,5,19,4
test,baseline_r2_hf1,P66,ensemble,20,0.6879379752497391,56,28,30,4,19,2
test,baseline_r2_hf1,P66,ensemble,30,0.6882600770908657,56,27,27,2,19,1
test,baseline_r2_hf1,P66,ensemble,50,0.6847659420943447,56,23,22,1,19,0
test,baseline_r2_hf1,P66,ensemble,80,0.6722683958961244,56,15,15,1,19,0
test,baseline_r2_hf1,P67,single,0,0.7424141452963887,72.0,59.333333333333336,59.666666666666664,13.0,17.0,10.0
test,baseline_r2_hf1,P67,ensemble,0,0.7497145953058184,72,60,58,13,17,10
test,baseline_r2_hf1,P67,ensemble,5,0.7497242380261249,72,60,57,12,17,10
test,baseline_r2_hf1,P67,ensemble,10,0.7497725204731575,72,59,54,10,17,10
test,baseline_r2_hf1,P67,ensemble,20,0.7492001938923897,72,55,48,8,17,7
test,baseline_r2_hf1,P67,ensemble,30,0.7483585220871052,72,52,44,7,17,7
test,baseline_r2_hf1,P67,ensemble,50,0.7489801893237045,72,49,38,3,17,5
test,baseline_r2_hf1,P67,ensemble,80,0.7457078580731736,72,43,30,1,17,4
test,baseline_r2_hf1,P68,single,0,0.4416653951407037,6.0,4.0,12.666666666666666,8.666666666666666,0.0,0.0
test,baseline_r2_hf1,P68,ensemble,0,0.46986607142857145,6,4,11,7,0,0
test,baseline_r2_hf1,P68,ensemble,5,0.4701284198771636,6,4,11,7,0,0
test,baseline_r2_hf1,P68,ensemble,10,0.47197309417040356,6,4,10,6,0,0
test,baseline_r2_hf1,P68,ensemble,20,0.4784090909090909,6,4,8,4,0,0
test,baseline_r2_hf1,P68,ensemble,30,0.4718435091879075,6,3,5,2,0,0
test,baseline_r2_hf1,P68,ensemble,50,0.4833029751062538,6,3,4,1,0,0
test,baseline_r2_hf1,P68,ensemble,80,0.4370695053224796,6,2,3,1,0,0
test,baseline_r2_hf1,P65,single,0,0.7921480197011865,192.0,133.0,139.66666666666666,4.0,89.0,38.0
test,baseline_r2_hf1,P65,ensemble,0,0.7934559479129948,192,130,136,3,89,35
test,baseline_r2_hf1,P65,ensemble,5,0.7933723196881092,192,129,135,3,89,34
test,baseline_r2_hf1,P65,ensemble,10,0.7929796900607846,192,126,132,3,89,33
test,baseline_r2_hf1,P65,ensemble,20,0.7906192775095722,192,117,122,2,89,29
test,baseline_r2_hf1,P65,ensemble,30,0.7867272765360203,192,105,109,1,89,19
test,baseline_r2_hf1,P65,ensemble,50,0.7699826377724905,192,82,80,0,89,8
test,baseline_r2_hf1,P65,ensemble,80,0.7518717982398528,192,68,64,0,89,6
test,baseline_r2_hf1,P69,single,0,0.8250662608663323,25.0,15.666666666666666,18.333333333333332,2.6666666666666665,7.0,0.0
test,baseline_r2_hf1,P69,ensemble,0,0.8260003621220351,25,16,18,2,7,0
test,baseline_r2_hf1,P69,ensemble,5,0.8262247577651001,25,16,17,1,7,0
test,baseline_r2_hf1,P69,ensemble,10,0.8262247577651001,25,16,17,1,7,0
test,baseline_r2_hf1,P69,ensemble,20,0.8257513847271406,25,15,15,0,7,0
test,baseline_r2_hf1,P69,ensemble,30,0.8257513847271406,25,15,15,0,7,0
test,baseline_r2_hf1,P69,ensemble,50,0.8167414598406447,25,12,12,0,7,0
test,baseline_r2_hf1,P69,ensemble,80,0.797951582867784,25,9,9,0,7,0
test,baseline_r2_hf1,P71,single,0,0.6324386993610517,18.0,15.333333333333334,19.666666666666668,6.333333333333333,7.0,4.666666666666667
test,baseline_r2_hf1,P71,ensemble,0,0.6423933800127307,18,17,20,5,7,6
test,baseline_r2_hf1,P71,ensemble,5,0.6427206725257929,18,17,19,4,7,6
test,baseline_r2_hf1,P71,ensemble,10,0.6432942376338603,18,17,18,3,7,6
test,baseline_r2_hf1,P71,ensemble,20,0.6342598577892695,18,13,11,1,7,3
test,baseline_r2_hf1,P71,ensemble,30,0.6295575450888803,18,12,10,1,7,3
test,baseline_r2_hf1,P71,ensemble,50,0.6231260591839395,18,12,9,1,7,3
test,baseline_r2_hf1,P71,ensemble,80,0.6115241635687733,18,10,7,1,7,2
test,baseline_r2_hf1,P70,single,0,0.694264587383369,20.0,16.666666666666668,25.666666666666668,9.333333333333334,4.0,1.6666666666666667
test,baseline_r2_hf1,P70,ensemble,0,0.702954386254069,20,17,26,9,4,2
test,baseline_r2_hf1,P70,ensemble,5,0.7030412923431962,20,17,25,8,4,2
test,baseline_r2_hf1,P70,ensemble,10,0.7030412923431962,20,17,25,8,4,2
test,baseline_r2_hf1,P70,ensemble,20,0.7044347179783632,20,17,21,4,4,2
test,baseline_r2_hf1,P70,ensemble,30,0.7059700874176575,20,16,18,2,4,1
test,baseline_r2_hf1,P70,ensemble,50,0.7077140835102619,20,15,15,0,4,0
test,baseline_r2_hf1,P70,ensemble,80,0.7014563106796117,20,13,13,0,4,0
test,baseline_r2_hf1,P74,single,0,0.6819597430638922,28.0,18.0,24.666666666666668,4.666666666666667,13.0,5.0
test,baseline_r2_hf1,P74,ensemble,0,0.6876332622601279,28,18,24,4,13,5
test,baseline_r2_hf1,P74,ensemble,5,0.688367129135539,28,18,23,3,13,5
test,baseline_r2_hf1,P74,ensemble,10,0.688367129135539,28,18,23,3,13,5
test,baseline_r2_hf1,P74,ensemble,20,0.6848582129481006,28,17,22,3,13,4
test,baseline_r2_hf1,P74,ensemble,30,0.6520775623268698,28,13,17,2,13,1
test,baseline_r2_hf1,P74,ensemble,50,0.6210071942446043,28,11,13,1,13,1
test,baseline_r2_hf1,P74,ensemble,80,0.5501432664756447,28,7,8,1,13,0
test,baseline_r2,P54,single,0,0.8000646916669817,5.0,5.0,7.333333333333333,2.3333333333333335,0.0,0.0
test,baseline_r2,P54,ensemble,0,0.8125232948192322,5,5,7,2,0,0
test,baseline_r2,P54,ensemble,5,0.8125232948192322,5,5,7,2,0,0
test,baseline_r2,P54,ensemble,10,0.8125232948192322,5,5,7,2,0,0
test,baseline_r2,P54,ensemble,20,0.8125232948192322,5,5,7,2,0,0
test,baseline_r2,P54,ensemble,30,0.8207831325301205,5,5,6,1,0,0
test,baseline_r2,P54,ensemble,50,0.7845433255269321,5,3,4,1,0,0
test,baseline_r2,P54,ensemble,80,0.7845433255269321,5,3,4,1,0,0
test,baseline_r2_hf1,P73,single,0,0.7086454624270808,31.0,25.333333333333332,35.0,4.666666666666667,4.0,1.0
test,baseline_r2_hf1,P73,ensemble,0,0.7144893111638955,31,25,36,3,4,0
test,baseline_r2_hf1,P73,ensemble,5,0.7143128682759932,31,25,35,3,4,0
test,baseline_r2_hf1,P73,ensemble,10,0.7146184929878774,31,25,34,2,4,0
test,baseline_r2_hf1,P73,ensemble,20,0.7130277500118997,31,23,32,2,4,0
test,baseline_r2_hf1,P73,ensemble,30,0.7098959824410727,31,21,30,2,4,0
test,baseline_r2_hf1,P73,ensemble,50,0.7008538762120701,31,20,25,1,4,0
test,baseline_r2_hf1,P73,ensemble,80,0.6905039891029383,31,18,22,1,4,0
test,baseline_r2_hf1,P72,single,0,0.7442876990091852,13.0,9.0,29.333333333333332,16.666666666666668,2.0,0.0
test,baseline_r2_hf1,P72,ensemble,0,0.7586565321899564,13,9,29,15,2,0
test,baseline_r2_hf1,P72,ensemble,5,0.7586934983514431,13,9,29,15,2,0
test,baseline_r2_hf1,P72,ensemble,10,0.7586934983514431,13,9,29,15,2,0
test,baseline_r2_hf1,P72,ensemble,20,0.7583987517675167,13,9,26,14,2,0
test,baseline_r2_hf1,P72,ensemble,30,0.7583029434748633,13,8,22,12,2,0
test,baseline_r2_hf1,P72,ensemble,50,0.7594899556483172,13,8,20,10,2,0
test,baseline_r2_hf1,P72,ensemble,80,0.7584063849273845,13,6,17,9,2,0
test,baseline_r2,P55,single,0,0.6625563161015376,37.0,24.666666666666668,27.0,3.0,10.0,2.6666666666666665
test,baseline_r2,P55,ensemble,0,0.6672441797509475,37,25,26,2,10,3
test,baseline_r2,P55,ensemble,5,0.6668111388016036,37,24,25,2,10,3
test,baseline_r2,P55,ensemble,10,0.6646407640546994,37,22,23,2,10,1
test,baseline_r2,P55,ensemble,20,0.6613606628870475,37,20,20,1,10,1
test,baseline_r2,P55,ensemble,30,0.6613606628870475,37,20,20,1,10,1
test,baseline_r2,P55,ensemble,50,0.6390013495276653,37,14,13,0,10,0
test,baseline_r2,P55,ensemble,80,0.6390013495276653,37,14,13,0,10,0
test,baseline_r2_hf1,P75,single,0,0.7594648028937269,67.0,48.0,58.0,6.666666666666667,26.0,11.666666666666666
test,baseline_r2_hf1,P75,ensemble,0,0.7644611146926097,67,47,56,5,26,12
test,baseline_r2_hf1,P75,ensemble,5,0.7640989565013483,67,46,55,5,26,11
test,baseline_r2_hf1,P75,ensemble,10,0.7634421225639821,67,45,52,4,26,10
test,baseline_r2_hf1,P75,ensemble,20,0.7581398097264078,67,39,44,3,26,4
test,baseline_r2_hf1,P75,ensemble,30,0.75432032781044,67,36,40,2,26,3
test,baseline_r2_hf1,P75,ensemble,50,0.7265206812652069,67,26,29,2,26,0
test,baseline_r2_hf1,P75,ensemble,80,0.7079987550575786,67,22,23,1,26,0
test,baseline_r2,P56,single,0,0.6772968579081269,3.0,2.0,15.333333333333334,13.333333333333334,0.0,0.0
test,baseline_r2,P56,ensemble,0,0.691775131542509,3,2,13,11,0,0
test,baseline_r2,P56,ensemble,5,0.691775131542509,3,2,13,11,0,0
test,baseline_r2,P56,ensemble,10,0.6944676118988046,3,2,11,9,0,0
test,baseline_r2,P56,ensemble,20,0.6965978806469604,3,2,10,8,0,0
test,baseline_r2,P56,ensemble,30,0.7056497175141243,3,2,8,6,0,0
test,baseline_r2,P56,ensemble,50,0.739271973956792,3,2,4,2,0,0
test,baseline_r2,P56,ensemble,80,0.739271973956792,3,2,4,2,0,0
test,baseline_r2,P57,single,0,0.7565165117879434,100.0,42.0,56.0,5.333333333333333,37.0,1.6666666666666667
test,baseline_r2,P57,ensemble,0,0.7602728601591684,100,44,56,4,37,2
test,baseline_r2,P57,ensemble,5,0.760186263096624,100,42,54,4,37,2
test,baseline_r2,P57,ensemble,10,0.75932699341624,100,35,46,4,37,0
test,baseline_r2,P57,ensemble,20,0.7580292812656888,100,30,38,3,37,0
test,baseline_r2,P57,ensemble,30,0.7578855893654867,100,29,36,2,37,0
test,baseline_r2,P57,ensemble,50,0.7552125864227776,100,25,31,2,37,0
test,baseline_r2,P57,ensemble,80,0.7500376511178959,100,22,24,1,37,0
test,baseline_r2,P61,single,0,0.6988357508373534,12.0,10.0,18.333333333333332,8.666666666666666,1.0,0.0
test,baseline_r2,P61,ensemble,0,0.7194574457923393,12,10,16,7,1,0
test,baseline_r2,P61,ensemble,5,0.7194574457923393,12,10,16,7,1,0
test,baseline_r2,P61,ensemble,10,0.7200076474524424,12,10,15,6,1,0
test,baseline_r2,P61,ensemble,20,0.7210415470036378,12,10,14,5,1,0
test,baseline_r2,P61,ensemble,30,0.7229100681447356,12,10,13,4,1,0
test,baseline_r2,P61,ensemble,50,0.725835983424882,12,10,12,3,1,0
test,baseline_r2,P61,ensemble,80,0.7365538822609036,12,10,10,1,1,0
test,baseline_r2,P58,single,0,0.6008986594561195,42.0,26.333333333333332,36.333333333333336,10.0,9.0,4.333333333333333
test,baseline_r2,P58,ensemble,0,0.6096724404047333,42,26,33,7,9,4
test,baseline_r2,P58,ensemble,5,0.6096724404047333,42,26,33,7,9,4
test,baseline_r2,P58,ensemble,10,0.6089567604667124,42,25,32,7,9,4
test,baseline_r2,P58,ensemble,20,0.6026427152603852,42,21,27,6,9,2
test,baseline_r2,P58,ensemble,30,0.5950701158435676,42,18,23,5,9,2
test,baseline_r2,P58,ensemble,50,0.5873854827343199,42,18,20,4,9,2
test,baseline_r2,P58,ensemble,80,0.5643004576864399,42,15,17,4,9,2
test,baseline_r2,P62,single,0,0.7367686765463691,49.0,34.333333333333336,34.0,0.6666666666666666,18.0,8.0
test,baseline_r2,P62,ensemble,0,0.7396386822529224,49,34,33,0,18,8
test,baseline_r2,P62,ensemble,5,0.7391362126245847,49,34,33,0,18,8
test,baseline_r2,P62,ensemble,10,0.7374167776298269,49,32,31,0,18,7
test,baseline_r2,P62,ensemble,20,0.7301757681470549,49,29,27,0,18,6
test,baseline_r2,P62,ensemble,30,0.718504470333243,49,26,24,0,18,5
test,baseline_r2,P62,ensemble,50,0.6935998889351659,49,22,19,0,18,3
test,baseline_r2,P62,ensemble,80,0.6467883103397122,49,15,12,0,18,1
test,baseline_r2,P63,single,0,0.777878145608339,12.0,10.666666666666666,14.666666666666666,4.0,3.0,2.0
test,baseline_r2,P63,ensemble,0,0.7840101121820193,12,11,14,3,3,2
test,baseline_r2,P63,ensemble,5,0.784134007585335,12,11,14,3,3,2
test,baseline_r2,P63,ensemble,10,0.784134007585335,12,11,14,3,3,2
test,baseline_r2,P63,ensemble,20,0.7858726639214444,12,11,13,2,3,2
test,baseline_r2,P63,ensemble,30,0.7796934865900383,12,9,11,2,3,2
test,baseline_r2,P63,ensemble,50,0.7825525040387722,12,8,9,1,3,1
test,baseline_r2,P63,ensemble,80,0.7807504078303426,12,7,8,1,3,0
test,baseline_r2,P59,single,0,0.4139400832810363,15.0,11.666666666666666,25.0,15.333333333333334,6.0,3.0
test,baseline_r2,P59,ensemble,0,0.44793713163064836,15,12,20,10,6,3
test,baseline_r2,P59,ensemble,5,0.44970414201183434,15,12,17,7,6,3
test,baseline_r2,P59,ensemble,10,0.4503950834064969,15,12,16,6,6,3
test,baseline_r2,P59,ensemble,20,0.4521815777875716,15,12,15,5,6,3
test,baseline_r2,P59,ensemble,30,0.45936870382807254,15,12,12,2,6,3
test,baseline_r2,P59,ensemble,50,0.42823966558290755,15,8,8,1,6,1
test,baseline_r2,P59,ensemble,80,0.40857624668754516,15,7,6,0,6,1
test,baseline_r2,P60,single,0,0.6354454963599144,25.0,24.0,50.0,25.666666666666668,1.0,0.0
test,baseline_r2,P60,ensemble,0,0.6540670955882353,25,24,44,19,1,0
test,baseline_r2,P60,ensemble,5,0.6547441058079356,25,24,41,16,1,0
test,baseline_r2,P60,ensemble,10,0.6545810313075506,25,24,39,15,1,0
test,baseline_r2,P60,ensemble,20,0.6545810313075506,25,24,39,15,1,0
test,baseline_r2,P60,ensemble,30,0.6556712962962963,25,23,35,12,1,0
test,baseline_r2,P60,ensemble,50,0.6533733309805305,25,20,28,8,1,0
test,baseline_r2,P60,ensemble,80,0.6592548076923077,25,19,23,4,1,0
test,baseline_r2,P66,single,0,0.6792793047901052,56.0,30.333333333333332,36.333333333333336,5.666666666666667,19.0,3.3333333333333335
test,baseline_r2,P66,ensemble,0,0.6813699749110217,56,31,37,6,19,4
test,baseline_r2,P66,ensemble,5,0.6813738364119175,56,31,35,5,19,4
test,baseline_r2,P66,ensemble,10,0.6808796472065652,56,28,30,3,19,2
test,baseline_r2,P66,ensemble,20,0.6808324077862863,56,27,28,2,19,2
test,baseline_r2,P66,ensemble,30,0.6802187838193571,56,26,27,2,19,1
test,baseline_r2,P66,ensemble,50,0.6745310841099446,56,20,20,1,19,0
test,baseline_r2,P66,ensemble,80,0.6641053133190374,56,14,15,1,19,0
test,baseline_r2,P68,single,0,0.4156605872018222,6.0,4.0,12.333333333333334,8.333333333333334,0.0,0.0
test,baseline_r2,P68,ensemble,0,0.448332422088573,6,4,10,6,0,0
test,baseline_r2,P68,ensemble,5,0.448332422088573,6,4,10,6,0,0
test,baseline_r2,P68,ensemble,10,0.4520396912899669,6,4,8,4,0,0
test,baseline_r2,P68,ensemble,20,0.43565459610027857,6,3,7,4,0,0
test,baseline_r2,P68,ensemble,30,0.42782608695652175,6,2,4,2,0,0
test,baseline_r2,P68,ensemble,50,0.42782608695652175,6,2,4,2,0,0
test,baseline_r2,P68,ensemble,80,0.4429771908763505,6,2,3,1,0,0
test,baseline_r2,P65,single,0,0.7857921270417324,192.0,131.0,138.0,2.0,89.0,36.666666666666664
test,baseline_r2,P65,ensemble,0,0.7899575093969603,192,130,136,2,89,34
test,baseline_r2,P65,ensemble,5,0.7897414938183305,192,127,133,2,89,33
test,baseline_r2,P65,ensemble,10,0.7888418512383173,192,122,128,2,89,31
test,baseline_r2,P65,ensemble,20,0.7870901639344262,192,116,121,2,89,28
test,baseline_r2,P65,ensemble,30,0.7819176385591908,192,103,106,1,89,18
test,baseline_r2,P65,ensemble,50,0.7661259742995576,192,80,79,0,89,6
test,baseline_r2,P65,ensemble,80,0.7460893613343704,192,63,61,0,89,4
test,baseline_r2,P64,single,0,0.7171626502871055,30.0,22.0,28.666666666666668,7.666666666666667,7.0,2.0
test,baseline_r2,P64,ensemble,0,0.7381807591495971,30,22,25,4,7,2
test,baseline_r2,P64,ensemble,5,0.7384675148101388,30,22,25,4,7,2
test,baseline_r2,P64,ensemble,10,0.7388262728332685,30,22,24,3,7,2
test,baseline_r2,P64,ensemble,20,0.7360420929552762,30,20,22,3,7,1
test,baseline_r2,P64,ensemble,30,0.7322533136966126,30,18,19,2,7,1
test,baseline_r2,P64,ensemble,50,0.7263220205209155,30,17,18,2,7,1
test,baseline_r2,P64,ensemble,80,0.7042020285655144,30,11,11,1,7,1
test,baseline_r2,P67,single,0,0.7265519954927186,72.0,57.0,55.666666666666664,11.666666666666666,17.0,9.333333333333334
test,baseline_r2,P67,ensemble,0,0.731347131177727,72,56,57,13,17,9
test,baseline_r2,P67,ensemble,5,0.7313273423688863,72,56,57,13,17,9
test,baseline_r2,P67,ensemble,10,0.7315778805579612,72,55,52,9,17,8
test,baseline_r2,P67,ensemble,20,0.7312074154772237,72,51,44,5,17,6
test,baseline_r2,P67,ensemble,30,0.7311736551290817,72,50,42,4,17,6
test,baseline_r2,P67,ensemble,50,0.731016826521715,72,47,37,2,17,5
test,baseline_r2,P67,ensemble,80,0.7273878234965556,72,44,34,2,17,5
test,baseline_r2,P71,single,0,0.6353814632742035,18.0,15.333333333333334,18.333333333333332,3.6666666666666665,7.0,4.333333333333333
test,baseline_r2,P71,ensemble,0,0.6355591311343524,18,15,16,2,7,4
test,baseline_r2,P71,ensemble,5,0.6351677852348994,18,15,14,1,7,4
test,baseline_r2,P71,ensemble,10,0.6338841864839446,18,14,13,1,7,3
test,baseline_r2,P71,ensemble,20,0.6299191374663072,18,12,11,1,7,2
test,baseline_r2,P71,ensemble,30,0.6299191374663072,18,12,11,1,7,2
test,baseline_r2,P71,ensemble,50,0.6222041480276536,18,11,10,1,7,2
test,baseline_r2,P71,ensemble,80,0.613599126160568,18,10,9,1,7,2
test,baseline_r2,P69,single,0,0.8261396812586348,25.0,16.0,19.666666666666668,3.6666666666666665,7.0,0.3333333333333333
test,baseline_r2,P69,ensemble,0,0.8314828080229226,25,16,20,4,7,0
test,baseline_r2,P69,ensemble,5,0.8318552360476574,25,16,19,3,7,0
test,baseline_r2,P69,ensemble,10,0.8328998116422998,25,16,17,1,7,0
test,baseline_r2,P69,ensemble,20,0.8328998116422998,25,16,17,1,7,0
test,baseline_r2,P69,ensemble,30,0.8319668438598072,25,15,15,0,7,0
test,baseline_r2,P69,ensemble,50,0.8217110646422402,25,12,12,0,7,0
test,baseline_r2,P69,ensemble,80,0.8023675205770832,25,9,9,0,7,0
test,baseline,P54,single,0,0.8073483135164891,5.0,5.0,7.666666666666667,2.6666666666666665,0.0,0.0
test,baseline,P54,ensemble,0,0.8149898717083052,5,5,7,2,0,0
test,baseline,P54,ensemble,5,0.8149898717083052,5,5,7,2,0,0
test,baseline,P54,ensemble,10,0.8149898717083052,5,5,7,2,0,0
test,baseline,P54,ensemble,20,0.8202514441046551,5,5,6,1,0,0
test,baseline,P54,ensemble,30,0.8202514441046551,5,5,6,1,0,0
test,baseline,P54,ensemble,50,0.7896213183730715,5,3,4,1,0,0
test,baseline,P54,ensemble,80,0.7896213183730715,5,3,4,1,0,0
test,baseline_r2,P74,single,0,0.6725483682023775,28.0,17.666666666666668,23.333333333333332,4.0,13.0,5.0
test,baseline_r2,P74,ensemble,0,0.6720248898107337,28,17,22,3,13,5
test,baseline_r2,P74,ensemble,5,0.6708203530633438,28,16,21,3,13,4
test,baseline_r2,P74,ensemble,10,0.6722164412070759,28,16,20,2,13,4
test,baseline_r2,P74,ensemble,20,0.6722164412070759,28,16,20,2,13,4
test,baseline_r2,P74,ensemble,30,0.6629979035639413,28,15,19,2,13,3
test,baseline_r2,P74,ensemble,50,0.6156415251878653,28,11,13,1,13,1
test,baseline_r2,P74,ensemble,80,0.5346964064436184,28,7,8,1,13,0
test,baseline_r2,P73,single,0,0.7057598837475543,31.0,23.666666666666668,35.333333333333336,4.666666666666667,4.0,0.3333333333333333
test,baseline_r2,P73,ensemble,0,0.709390922264292,31,23,35,3,4,0
test,baseline_r2,P73,ensemble,5,0.709390922264292,31,23,35,3,4,0
test,baseline_r2,P73,ensemble,10,0.7095567608004488,31,23,34,2,4,0
test,baseline_r2,P73,ensemble,20,0.7076836634358759,31,22,32,2,4,0
test,baseline_r2,P73,ensemble,30,0.7061084806150673,31,21,31,2,4,0
test,baseline_r2,P73,ensemble,50,0.6951052258217073,31,19,26,2,4,0
test,baseline_r2,P73,ensemble,80,0.6776803449445279,31,15,18,0,4,0
test,baseline_r2,P70,single,0,0.7221181667143028,20.0,15.0,25.333333333333332,9.666666666666666,4.0,0.3333333333333333
test,baseline_r2,P70,ensemble,0,0.7320366229273026,20,15,25,10,4,0
test,baseline_r2,P70,ensemble,5,0.732145872024312,20,15,23,8,4,0
test,baseline_r2,P70,ensemble,10,0.7323004179507747,20,15,22,7,4,0
test,baseline_r2,P70,ensemble,20,0.7334150775865714,20,15,19,4,4,0
test,baseline_r2,P70,ensemble,30,0.7336444633008061,20,14,16,2,4,0
test,baseline_r2,P70,ensemble,50,0.7323991652114655,20,13,14,1,4,0
test,baseline_r2,P70,ensemble,80,0.7339935120368789,20,13,13,0,4,0
test,baseline,P55,single,0,0.6479612614769451,37.0,22.333333333333332,25.0,2.6666666666666665,10.0,2.3333333333333335
test,baseline,P55,ensemble,0,0.6518502055783976,37,23,25,2,10,3
test,baseline,P55,ensemble,5,0.6519951094809381,37,23,25,2,10,3
test,baseline,P55,ensemble,10,0.6491423479616841,37,21,22,2,10,1
test,baseline,P55,ensemble,20,0.6443148688046647,37,18,18,1,10,1
test,baseline,P55,ensemble,30,0.6405037670077589,37,17,17,1,10,1
test,baseline,P55,ensemble,50,0.6298443004886919,37,14,14,1,10,0
test,baseline,P55,ensemble,80,0.6115183246073298,37,12,11,0,10,0
test,baseline_r2,P75,single,0,0.7612797583541031,67.0,48.0,56.666666666666664,5.0,26.0,12.0
test,baseline_r2,P75,ensemble,0,0.7673637702503682,67,46,54,4,26,11
test,baseline_r2,P75,ensemble,5,0.7673541543901001,67,46,53,3,26,11
test,baseline_r2,P75,ensemble,10,0.7673541543901001,67,46,53,3,26,11
test,baseline_r2,P75,ensemble,20,0.7597718902221694,67,39,44,2,26,5
test,baseline_r2,P75,ensemble,30,0.7508237972560062,67,34,38,2,26,3
test,baseline_r2,P75,ensemble,50,0.7278769230769231,67,26,27,1,26,0
test,baseline_r2,P75,ensemble,80,0.7040201005025125,67,21,22,1,26,0
test,baseline_r2,P72,single,0,0.7563233887818233,13.0,9.333333333333334,33.333333333333336,21.0,2.0,0.3333333333333333
test,baseline_r2,P72,ensemble,0,0.7760859898492725,13,9,31,19,2,0
test,baseline_r2,P72,ensemble,5,0.7760859898492725,13,9,31,19,2,0
test,baseline_r2,P72,ensemble,10,0.7760379123659954,13,9,29,18,2,0
test,baseline_r2,P72,ensemble,20,0.7764590274685624,13,8,24,14,2,0
test,baseline_r2,P72,ensemble,30,0.776546870918673,13,8,22,13,2,0
test,baseline_r2,P72,ensemble,50,0.7769408147578786,13,8,21,12,2,0
test,baseline_r2,P72,ensemble,80,0.7776645356558263,13,6,16,9,2,0
test,baseline,P56,single,0,0.7067599907709002,3.0,2.0,13.0,10.666666666666666,0.0,0.0
test,baseline,P56,ensemble,0,0.714409471556454,3,2,13,11,0,0
test,baseline,P56,ensemble,5,0.7162709901563404,3,2,11,9,0,0
test,baseline,P56,ensemble,10,0.720442632498544,3,2,8,6,0,0
test,baseline,P56,ensemble,20,0.7276470588235294,3,2,6,4,0,0
test,baseline,P56,ensemble,30,0.7334716869255855,3,2,5,3,0,0
test,baseline,P56,ensemble,50,0.7334716869255855,3,2,5,3,0,0
test,baseline,P56,ensemble,80,0.7619340930089313,3,2,3,1,0,0
test,baseline,P58,single,0,0.6110894635962599,42.0,26.0,34.666666666666664,7.333333333333333,9.0,3.6666666666666665
test,baseline,P58,ensemble,0,0.6159046733710809,42,26,35,7,9,4
test,baseline,P58,ensemble,5,0.6156706956301242,42,26,35,7,9,4
test,baseline,P58,ensemble,10,0.614733993064366,42,25,34,7,9,4
test,baseline,P58,ensemble,20,0.6093019301079841,42,21,29,6,9,3
test,baseline,P58,ensemble,30,0.6080397702922774,42,20,25,4,9,2
test,baseline,P58,ensemble,50,0.6006057983556902,42,19,22,3,9,2
test,baseline,P58,ensemble,80,0.562952372442141,42,14,16,3,9,2
test,baseline,P61,single,0,0.6781153341100726,12.0,10.0,20.666666666666668,9.0,1.0,0.0
test,baseline,P61,ensemble,0,0.6813104988830976,12,10,18,7,1,0
test,baseline,P61,ensemble,5,0.6813104988830976,12,10,18,7,1,0
test,baseline,P61,ensemble,10,0.6813104988830976,12,10,18,7,1,0
test,baseline,P61,ensemble,20,0.6823266219239373,12,10,17,6,1,0
test,baseline,P61,ensemble,30,0.6823266219239373,12,10,17,6,1,0
test,baseline,P61,ensemble,50,0.6830139045471627,12,10,15,5,1,0
test,baseline,P61,ensemble,80,0.6841402973694243,12,10,13,4,1,0
test,baseline,P63,single,0,0.7667961139619948,12.0,10.333333333333334,15.666666666666666,5.333333333333333,3.0,2.0
test,baseline,P63,ensemble,0,0.7711223203026482,12,10,16,6,3,2
test,baseline,P63,ensemble,5,0.7711223203026482,12,10,16,6,3,2
test,baseline,P63,ensemble,10,0.7725837018319647,12,10,14,4,3,2
test,baseline,P63,ensemble,20,0.7757691087852838,12,10,12,2,3,2
test,baseline,P63,ensemble,30,0.77266209972917,12,9,11,2,3,2
test,baseline,P63,ensemble,50,0.777059773828756,12,8,9,1,3,1
test,baseline,P63,ensemble,80,0.7750774751264068,12,7,8,1,3,0
test,baseline,P57,single,0,0.7374239231042763,100.0,37.0,51.0,3.0,37.0,0.6666666666666666
test,baseline,P57,ensemble,0,0.7452521101732563,100,34,47,2,37,0
test,baseline,P57,ensemble,5,0.7450256182396312,100,32,45,2,37,0
test,baseline,P57,ensemble,10,0.7448687682266352,100,31,44,2,37,0
test,baseline,P57,ensemble,20,0.7444851919764405,100,29,42,2,37,0
test,baseline,P57,ensemble,30,0.7435972343947804,100,27,38,1,37,0
test,baseline,P57,ensemble,50,0.7418091614755354,100,24,35,1,37,0
test,baseline,P57,ensemble,80,0.7339434089377948,100,21,27,1,37,0
test,baseline,P62,single,0,0.7429219445252159,49.0,37.0,40.666666666666664,4.0,18.0,9.666666666666666
test,baseline,P62,ensemble,0,0.7486938349007315,49,37,40,3,18,9
test,baseline,P62,ensemble,5,0.7474800366540123,49,35,37,2,18,7
test,baseline,P62,ensemble,10,0.746782243236144,49,34,33,0,18,7
test,baseline,P62,ensemble,20,0.7383313499933889,49,31,30,0,18,7
test,baseline,P62,ensemble,30,0.71801107958384,49,26,24,0,18,5
test,baseline,P62,ensemble,50,0.7035768123886529,49,23,21,0,18,3
test,baseline,P62,ensemble,80,0.6535203038270523,49,16,14,0,18,2
test,baseline,P59,single,0,0.4074706562602577,15.0,11.333333333333334,19.333333333333332,9.0,6.0,3.0
test,baseline,P59,ensemble,0,0.42346938775510207,15,12,16,5,6,3
test,baseline,P59,ensemble,5,0.42346938775510207,15,12,16,5,6,3
test,baseline,P59,ensemble,10,0.4191142191142191,15,11,13,4,6,3
test,baseline,P59,ensemble,20,0.4168233082706767,15,10,10,2,6,3
test,baseline,P59,ensemble,30,0.41918714555765596,15,10,9,1,6,3
test,baseline,P59,ensemble,50,0.4013605442176871,15,7,6,0,6,1
test,baseline,P59,ensemble,80,0.403960396039604,15,6,5,0,6,0
test,baseline,P60,single,0,0.6810563060352938,25.0,24.0,44.333333333333336,19.666666666666668,1.0,0.0
test,baseline,P60,ensemble,0,0.6966911764705882,25,24,44,19,1,0
test,baseline,P60,ensemble,5,0.6972465812227877,25,24,40,15,1,0
test,baseline,P60,ensemble,10,0.6966871165644172,25,24,39,15,1,0
test,baseline,P60,ensemble,20,0.6999938359119768,25,24,33,9,1,0
test,baseline,P60,ensemble,30,0.7033308476261496,25,23,28,5,1,0
test,baseline,P60,ensemble,50,0.6975634262748053,25,20,24,4,1,0
test,baseline,P60,ensemble,80,0.6895630604846403,25,18,21,3,1,0
test,baseline,P64,single,0,0.725696934576671,30.0,20.333333333333332,28.666666666666668,8.0,7.0,2.6666666666666665
test,baseline,P64,ensemble,0,0.735387045813586,30,20,27,7,7,2
test,baseline,P64,ensemble,5,0.73582295988935,30,20,25,5,7,2
test,baseline,P64,ensemble,10,0.73582295988935,30,20,25,5,7,2
test,baseline,P64,ensemble,20,0.7364556459615003,30,19,22,3,7,2
test,baseline,P64,ensemble,30,0.734832583708146,30,17,19,2,7,1
test,baseline,P64,ensemble,50,0.734832583708146,30,17,19,2,7,1
test,baseline,P64,ensemble,80,0.7192087454450807,30,12,13,1,7,1
test,baseline,P71,single,0,0.6069443744325956,18.0,15.333333333333334,19.333333333333332,5.0,7.0,4.333333333333333
test,baseline,P71,ensemble,0,0.61461753617901,18,15,16,4,7,4
test,baseline,P71,ensemble,5,0.6145795302421808,18,15,15,3,7,4
test,baseline,P71,ensemble,10,0.615178462662931,18,15,14,2,7,4
test,baseline,P71,ensemble,20,0.6133007931665649,18,14,13,2,7,3
test,baseline,P71,ensemble,30,0.60871694417238,18,14,12,2,7,3
test,baseline,P71,ensemble,50,0.6061952363322226,18,13,10,1,7,3
test,baseline,P71,ensemble,80,0.5885299273729026,18,11,8,1,7,3
test,baseline,P66,single,0,0.6778990656059641,56.0,28.333333333333332,33.666666666666664,4.666666666666667,19.0,2.0
test,baseline,P66,ensemble,0,0.6807552091051898,56,30,34,4,19,2
test,baseline,P66,ensemble,5,0.6804814419542274,56,28,32,4,19,2
test,baseline,P66,ensemble,10,0.6802075611564121,56,27,31,4,19,2
test,baseline,P66,ensemble,20,0.6795504548968306,56,24,25,1,19,1
test,baseline,P66,ensemble,30,0.677790358143138,56,22,22,1,19,0
test,baseline,P66,ensemble,50,0.6736514398611028,56,18,18,1,19,0
test,baseline,P66,ensemble,80,0.665802562170309,56,14,14,1,19,0
test,baseline,P68,single,0,0.30971801817758743,6.0,3.6666666666666665,11.0,7.333333333333333,0.0,0.0
test,baseline,P68,ensemble,0,0.28028503562945367,6,4,10,6,0,0
test,baseline,P68,ensemble,5,0.28095238095238095,6,4,9,5,0,0
test,baseline,P68,ensemble,10,0.2838813151563753,6,4,7,3,0,0
test,baseline,P68,ensemble,20,0.2838813151563753,6,4,7,3,0,0
test,baseline,P68,ensemble,30,0.21070234113712374,6,2,5,3,0,0
test,baseline,P68,ensemble,50,0.22281167108753316,6,2,3,1,0,0
test,baseline,P68,ensemble,80,0.14945919370698132,6,1,1,0,0,0
test,baseline,P70,single,0,0.6999534646136479,20.0,14.666666666666666,21.666666666666668,6.333333333333333,4.0,0.6666666666666666
test,baseline,P70,ensemble,0,0.6949668487552646,20,14,19,4,4,1
test,baseline,P70,ensemble,5,0.6947491345873128,20,13,18,4,4,0
test,baseline,P70,ensemble,10,0.6949230319969963,20,13,17,3,4,0
test,baseline,P70,ensemble,20,0.6954742818971276,20,13,16,2,4,0
test,baseline,P70,ensemble,30,0.6961427556521376,20,13,15,1,4,0
test,baseline,P70,ensemble,50,0.6931441286368025,20,12,12,0,4,0
test,baseline,P70,ensemble,80,0.6931441286368025,20,12,12,0,4,0
test,baseline,P69,single,0,0.8185388868140651,25.0,16.666666666666668,20.0,3.0,7.0,0.6666666666666666
test,baseline,P69,ensemble,0,0.8245645863570392,25,17,20,3,7,1
test,baseline,P69,ensemble,5,0.8245645863570392,25,17,20,3,7,1
test,baseline,P69,ensemble,10,0.8245980561358888,25,16,18,2,7,0
test,baseline,P69,ensemble,20,0.8253477588871716,25,16,17,1,7,0
test,baseline,P69,ensemble,30,0.8227790432801823,25,15,16,1,7,0
test,baseline,P69,ensemble,50,0.8138847858197932,25,12,12,0,7,0
test,baseline,P69,ensemble,80,0.7946696696696697,25,9,9,0,7,0
test,baseline,P65,single,0,0.7740819070996815,192.0,122.0,133.33333333333334,4.0,89.0,31.666666666666668
test,baseline,P65,ensemble,0,0.776028721347694,192,119,130,4,89,31
test,baseline,P65,ensemble,5,0.775886615244045,192,117,127,3,89,30
test,baseline,P65,ensemble,10,0.7754086860398376,192,114,124,3,89,28
test,baseline,P65,ensemble,20,0.772753462367427,192,105,113,2,89,21
test,baseline,P65,ensemble,30,0.7674148606811145,192,93,99,1,89,14
test,baseline,P65,ensemble,50,0.7525081418985378,192,75,78,1,89,6
test,baseline,P65,ensemble,80,0.7298721181556196,192,57,57,0,89,3
test,baseline,P67,single,0,0.7409849655092775,72.0,51.0,52.0,7.666666666666667,17.0,7.0
test,baseline,P67,ensemble,0,0.7442337469082426,72,51,48,5,17,7
test,baseline,P67,ensemble,5,0.7442777263767649,72,50,46,4,17,7
test,baseline,P67,ensemble,10,0.744075638704486,72,49,45,4,17,6
test,baseline,P67,ensemble,20,0.7436165928312525,72,46,42,4,17,5
test,baseline,P67,ensemble,30,0.7436165928312525,72,46,42,4,17,5
test,baseline,P67,ensemble,50,0.7428213470204296,72,44,37,2,17,4
test,baseline,P67,ensemble,80,0.7373108833577355,72,40,32,2,17,4
test,baseline,P73,single,0,0.699935175747704,31.0,22.333333333333332,32.0,4.333333333333333,4.0,0.3333333333333333
test,baseline,P73,ensemble,0,0.7044837592436581,31,22,33,3,4,0
test,baseline,P73,ensemble,5,0.7045603520928926,31,22,32,2,4,0
test,baseline,P73,ensemble,10,0.7042293101025713,31,22,31,2,4,0
test,baseline,P73,ensemble,20,0.7014315888289134,31,19,28,2,4,0
test,baseline,P73,ensemble,30,0.6994113491876619,31,19,25,1,4,0
test,baseline,P73,ensemble,50,0.6913310190689048,31,18,20,0,4,0
test,baseline,P73,ensemble,80,0.6798195084485407,31,15,17,0,4,0
test,baseline,P72,single,0,0.7060499235453411,13.0,8.333333333333334,24.0,11.0,2.0,0.0
test,baseline,P72,ensemble,0,0.7250141350982805,13,8,24,12,2,0
test,baseline,P72,ensemble,5,0.724977547150983,13,8,23,11,2,0
test,baseline,P72,ensemble,10,0.7250619604451172,13,8,22,10,2,0
test,baseline,P72,ensemble,20,0.7255809308209601,13,8,19,7,2,0
test,baseline,P72,ensemble,30,0.7249654437357403,13,8,18,7,2,0
test,baseline,P72,ensemble,50,0.7233822548365577,13,6,16,7,2,0
test,baseline,P72,ensemble,80,0.724845000752018,13,6,14,5,2,0
test,baseline,P74,single,0,0.6548607455144672,28.0,19.0,26.666666666666668,6.333333333333333,13.0,6.0
test,baseline,P74,ensemble,0,0.6569844203855294,28,20,27,6,13,7
test,baseline,P74,ensemble,5,0.6548344370860927,28,18,24,5,13,6
test,baseline,P74,ensemble,10,0.6530503978779841,28,17,23,5,13,5
test,baseline,P74,ensemble,20,0.6459560792715586,28,15,20,4,13,4
test,baseline,P74,ensemble,30,0.6487818231590473,28,14,17,2,13,3
test,baseline,P74,ensemble,50,0.6216139150270886,28,11,13,1,13,1
test,baseline,P74,ensemble,80,0.5502439024390244,28,7,7,0,13,0
test,baseline,P75,single,0,0.7488782028098208,67.0,48.0,55.0,4.333333333333333,26.0,12.666666666666666
test,baseline,P75,ensemble,0,0.7495646952867007,67,48,55,4,26,12
test,baseline,P75,ensemble,5,0.7495646952867007,67,48,55,4,26,12
test,baseline,P75,ensemble,10,0.747895116670676,67,45,51,4,26,11
test,baseline,P75,ensemble,20,0.7423305444404026,67,38,42,2,26,5
test,baseline,P75,ensemble,30,0.7341153470185728,67,34,37,2,26,3
test,baseline,P75,ensemble,50,0.7090657960823706,67,25,26,1,26,0
test,baseline,P75,ensemble,80,0.693823080833757,67,22,23,1,26,0
