config,setting,k,n_cases,dice,lesion_recall,lesion_precision,lesion_f1,fp_per_case,recall_small,delta_vs_baseline,p_wilcoxon
baseline,single (mean of seeds),0,22,0.6795674987183876,0.6464646464646464,0.8007312614259597,0.7153757815490622,6.606060606060606,0.319047619047619,,
baseline,ensemble,0,22,0.6841172404913323,0.6421911421911422,0.8210227272727273,0.7206786840878542,5.7272727272727275,0.3142857142857143,,
baseline,ensemble + remove <5 vox,5,22,0.6840832962387708,0.6282051282051282,0.8372781065088757,0.7178279324981882,5.0,0.29642857142857143,,
baseline_r2,single (mean of seeds),0,22,0.6892817529409183,0.675990675990676,0.7714037375054323,0.7205523651545216,7.96969696969697,0.3416666666666666,,
baseline_r2,ensemble,0,22,0.6999877411411763,0.6724941724941725,0.8068493150684931,0.7335706237615641,6.409090909090909,0.325,,
baseline_r2,ensemble + remove <5 vox,5,22,0.7000094138572025,0.6643356643356644,0.8180535966149506,0.7332246581722613,5.863636363636363,0.31785714285714284,0.015926117618431705,0.02513885498046875
baseline_r2_hf1,single (mean of seeds),0,22,0.6908019459208249,0.6771561771561772,0.7661325249025552,0.7189017291107606,8.181818181818182,0.34404761904761905,,
baseline_r2_hf1,ensemble,0,22,0.7022919502264809,0.6736596736596736,0.7937584803256446,0.7287944167359977,6.909090909090909,0.33214285714285713,,
baseline_r2_hf1,ensemble + remove <20 vox,20,22,0.7019768969687681,0.6118881118881119,0.8449111470113085,0.7097629729006643,4.363636363636363,0.2392857142857143,0.017893600729997225,0.003239154815673828
